Workbook
Name A: triangle!$A$1

Sheet Note
A1: IMPORTANT NOTE:
A3: From 17 December 2024, we have reweighted Labour Force Survey (LFS) estimates.
A4: The reweighted LFS estimates incorporate information on the size and composition of the UK population, based on 2022 mid-year estimates. For England, Wales and Northern Ireland they are projected forward using scaling factors from 2021-based National Population projections, published in January 2024. For Scotland they are projected forward using scaling factors from 2020-based National Population Projections, published in January 2023.
A5: Given time constraints, we were only able to reweight LFS data from January to March 2019 onwards. Therefore, this reweighting exercise created a discontinuity between December 2018 to February 2019 and January to March 2019 where there is a step change in LFS estimates. However, we have modelled the seasonally adjusted UK levels of employment, unemployment and economic inactivity by sex and age-band back to June to August 2011, to ensure that headline rates and levels by sex and age-band (datasets A02SA and A05SA) can be assessed without a discontinuity.
A6: Important note: Reweighting increased the levels of all labour market statuses but did not address issues surrounding increased LFS volatility, resulting from smaller achieved sample sizes.
A7: Estimates from January to March 2025 include the full effect of the improvements in LFS data collection and sampling methods introduced from January 2024. However, estimates may be subject to the effect of further ongoing improvements. An increased amount of volatility will remain in the LFS estimates from mid-2023 and throughout 2024, so we would advise additional caution when interpreting change involving those periods.
A8: We recommend using LFS estimates as part of our suite of labour market indicators, alongside Workforce Jobs, Claimant Count and Pay As You Earn Real Time Information (PAYE RTI) estimates.
A9: These are official statistics in development.
A10: For further information, please see our Impact of reweighting on Labour Force Survey key indicators article:
A11: https://www.ons.gov.uk/releases/impactofreweightingonlabourforcesurveykeyindicatorsdecember2024

Sheet triangle
B1: EMP05: Revisions triangle for UK Employment rate
B3: 1. UK Employment rate
B4: This spreadsheet provides a revisions analysis for the employment rate for those aged from 16 to 64. This series was first published in August 2010.
B6: Relating to Period (three months ending) | C6: 40330 | D6: 40360 | E6: 40391 | F6: 40422 | G6: 40452 | H6: 40483 | I6: 40513 | J6: 40544 | K6: 40575 | L6: 40603 | M6: 40634 | N6: 40664 | O6: 40695 | P6: 40725 | Q6: 40756 | R6: 40787 | S6: 40817 | T6: 40848 | U6: 40878 | V6: 40909 | W6: 40940 | X6: 40969 | Y6: 41000 | Z6: 41030 | AA6: 41061 | AB6: 41091 | AC6: 41122 | AD6: 41153 | AE6: 41183 | AF6: 41214 | AG6: 41244 | AH6: 41275 | AI6: 41306 | AJ6: 41334 | AK6: 41365 | AL6: 41395 | AM6: 41426 | AN6: 41456 | AO6: 41487 | AP6: 41518 | AQ6: 41548 | AR6: 41579 | AS6: 41609 | AT6: 41640 | AU6: 41671 | AV6: 41699 | AW6: 41730 | AX6: 41760 | AY6: 41791 | AZ6: 41821 | BA6: 41852 | BB6: 41883 | BC6: 41913 | BD6: 41944 | BE6: 41974 | BF6: 42005 | BG6: 42036 | BH6: 42064 | BI6: 42095 | BJ6: 42125 | BK6: 42156 | BL6: 42186 | BM6: 42217 | BN6: 42248 | BO6: 42278 | BP6: 42309 | BQ6: 42339 | BR6: 42370 | BS6: 42401 | BT6: 42430 | BU6: 42461 | BV6: 42491 | BW6: 42522 | BX6: 42552 | BY6: 42583 | BZ6: 42614 | CA6: 42644 | CB6: 42675 | CC6: 42705 | CD6: 42736 | CE6: 42767 | CF6: 42795 | CG6: 42826 | CH6: 42856 | CI6: 42887 | CJ6: 42917 | CK6: 42948 | CL6: 42979 | CM6: 43009 | CN6: 43040 | CO6: 43070 | CP6: 43101 | CQ6: 43132 | CR6: 43160 | CS6: 43191 | CT6: 43221 | CU6: 43252 | CV6: 43282 | CW6: 43313 | CX6: 43344 | CY6: 43374 | CZ6: 43405 | DA6: 43435 | DB6: 43466 | DC6: 43497 | DD6: 43525 | DE6: 43556 | DF6: 43586 | DG6: 43617 | DH6: 43647 | DI6: 43678 | DJ6: 43709 | DK6: 43739 | DL6: 43770 | DM6: 43800 | DN6: 43831 | DO6: 43862 | DP6: 43891 | DQ6: 43922 | DR6: 43952 | DS6: 43983 | DT6: 44013 | DU6: 44044 | DV6: 44075 | DW6: 44105 | DX6: 44136 | DY6: 44166 | DZ6: 44197 | EA6: 44228 | EB6: 44256 | EC6: 44287 | ED6: 44317 | EE6: 44348 | EF6: 44378 | EG6: 44409 | EH6: 44440 | EI6: 44470 | EJ6: 44501 | EK6: 44531 | EL6: 44562 | EM6: 44593 | EN6: 44621 | EO6: 44652 | EP6: 44682 | EQ6: 44713 | ER6: 44743 | ES6: 44774 | ET6: 44805 | EU6: 44835 | EV6: 44866 | EW6: 44896 | EX6: 44927 | EY6: 44958 | EZ6: 44986 | FA6: 45017 | FB6: 45047 | FC6: 45078 | FD6: 45108 | FE6: 45139 | FF6: 45170 | FG6: 45200 | FH6: 45231 | FI6: 45261 | FJ6: 45292 | FK6: 45323 | FL6: 45352 | FM6: 45383 | FN6: 45413 | FO6: 45444 | FP6: 45474 | FQ6: 45505 | FR6: 45536 | FS6: 45566 | FT6: 45597 | FU6: 45627 | FV6: 45658 | FW6: 45689 | FX6: 45717 | FY6: 45748 | FZ6: 45778 | GA6: 45809 | GB6: 45839 | GC6: 45870 | GD6: 45901 | GE6: 45931 | GF6: 45962 | GG6: 45992
B7: Month 1 estimate
B8: Month 2 estimate
B9: First Estimate | C9: =IF(ISBLANK($C$13),"N/A",$C$13) -> 70.5 | D9: =IF(ISBLANK($D$14),"N/A",$D$14) -> 70.7 | E9: =IF(ISBLANK($E$15),"N/A",$E$15) -> 70.7 | F9: =IF(ISBLANK($F$16),"N/A",$F$16) -> 70.8 | G9: =IF(ISBLANK($G$17),"N/A",$G$17) -> 70.6 | H9: =IF(ISBLANK($H$18),"N/A",$H$18) -> 70.4 | I9: =IF(ISBLANK($I$19),"N/A",$I$19) -> 70.5 | J9: =IF(ISBLANK($J$20),"N/A",$J$20) -> 70.5 | K9: =IF(ISBLANK($K$21),"N/A",$K$21) -> 70.7 | L9: =IF(ISBLANK($L$22),"N/A",$L$22) -> 70.7 | M9: =IF(ISBLANK($M$23),"N/A",$M$23) -> 70.6 | N9: =IF(ISBLANK($N$24),"N/A",$N$24) -> 70.7 | O9: =IF(ISBLANK($O$25),"N/A",$O$25) -> 70.7 | P9: =IF(ISBLANK($P$26),"N/A",$P$26) -> 70.5 | Q9: =IF(ISBLANK($Q$27),"N/A",$Q$27) -> 70.4 | R9: =IF(ISBLANK($R$28),"N/A",$R$28) -> 70.2 | S9: =IF(ISBLANK($S$29),"N/A",$S$29) -> 70.3 | T9: =IF(ISBLANK($T$30),"N/A",$T$30) -> 70.3 | U9: =IF(ISBLANK($U$31),"N/A",$U$31) -> 70.3 | V9: =IF(ISBLANK($V$32),"N/A",$V$32) -> 70.3 | W9: =IF(ISBLANK($W$33),"N/A",$W$33) -> 70.4 | X9: =IF(ISBLANK($X$34),"N/A",$X$34) -> 70.5 | Y9: =IF(ISBLANK($Y$35),"N/A",$Y$35) -> 70.6 | Z9: =IF(ISBLANK($Z$36),"N/A",$Z$36) -> 70.7 | AA9: =IF(ISBLANK($AA$37),"N/A",$AA$37) -> 71 | AB9: =IF(ISBLANK($AB$38),"N/A",$AB$38) -> 71.2 | AC9: =IF(ISBLANK($AC$39),"N/A",$AC$39) -> 71.3 | AD9: =IF(ISBLANK($AD$40),"N/A",$AD$40) -> 71.2 | AE9: =IF(ISBLANK($AE$41),"N/A",$AE$41) -> 71.2 | AF9: =IF(ISBLANK($AF$42),"N/A",$AF$42) -> 71.4 | AG9: =IF(ISBLANK($AG$43),"N/A",$AG$43) -> 71.5 | AH9: =IF(ISBLANK($AH$44),"N/A",$AH$44) -> 71.5 | AI9: =IF(ISBLANK($AI$45),"N/A",$AI$45) -> 71.4 | AJ9: =IF(ISBLANK($AJ$46),"N/A",$AJ$46) -> 71.4 | AK9: =IF(ISBLANK($AK$47),"N/A",$AK$47) -> 71.5 | AL9: =IF(ISBLANK($AL$48),"N/A",$AL$48) -> 71.4 | AM9: =IF(ISBLANK($AM$49),"N/A",$AM$49) -> 71.5 | AN9: =IF(ISBLANK($AN$50),"N/A",$AN$50) -> 71.6 | AO9: =IF(ISBLANK($AO$51),"N/A",$AO$51) -> 71.7 | AP9: =IF(ISBLANK($AP$52),"N/A",$AP$52) -> 71.8 | AQ9: =IF(ISBLANK($AQ$53),"N/A",$AQ$53) -> 72 | AR9: =IF(ISBLANK($AR$54),"N/A",$AR$54) -> 72.1 | AS9: =IF(ISBLANK($AS$55),"N/A",$AS$55) -> 72.1 | AT9: =IF(ISBLANK($AT$56),"N/A",$AT$56) -> 72.3 | AU9: =IF(ISBLANK($AU$57),"N/A",$AU$57) -> 72.6 | AV9: =IF(ISBLANK($AV$58),"N/A",$AV$58) -> 72.7 | AW9: =IF(ISBLANK($AW$59),"N/A",$AW$59) -> 72.9 | AX9: =IF(ISBLANK($AX$60),"N/A",$AX$60) -> 73.1 | AY9: =IF(ISBLANK($AY$61),"N/A",$AY$61) -> 73 | AZ9: =IF(ISBLANK($AZ$62),"N/A",$AZ$62) -> 73 | BA9: =IF(ISBLANK($BA$63),"N/A",$BA$63) -> 73 | BB9: =IF(ISBLANK($BB$64),"N/A",$BB$64) -> 73 | BC9: =IF(ISBLANK($BC$65),"N/A",$BC$65) -> 73 | BD9: =IF(ISBLANK($BD$66),"N/A",$BD$66) -> 73 | BE9: =IF(ISBLANK($BE$67),"N/A",$BE$67) -> 73.2 | BF9: =IF(ISBLANK($BF$68),"N/A",$BF$68) -> 73.3 | BG9: =IF(ISBLANK($BG$69),"N/A",$BG$69) -> 73.4 | BH9: =IF(ISBLANK($BH$70),"N/A",$BH$70) -> 73.5 | BI9: =IF(ISBLANK($BI$71),"N/A",$BI$71) -> 73.4 | BJ9: =IF(ISBLANK($BJ$72),"N/A",$BJ$72) -> 73.3 | BK9: =IF(ISBLANK($BK$73),"N/A",$BK$73) -> 73.4 | BL9: =IF(ISBLANK($BL$74),"N/A",$BL$74) -> 73.5 | BM9: =IF(ISBLANK($BM$75),"N/A",$BM$75) -> 73.6 | BN9: =IF(ISBLANK($BN$76),"N/A",$BN$76) -> 73.7 | BO9: =IF(ISBLANK($BO$77),"N/A",$BO$77) -> 73.9 | BP9: =IF(ISBLANK($BP$78),"N/A",$BP$78) -> 74 | BQ9: =IF(ISBLANK($BQ$79),"N/A",$BQ$79) -> 74.1 | BR9: =IF(ISBLANK($BR$80),"N/A",$BR$80) -> 74.1 | BS9: =IF(ISBLANK($BS$81),"N/A",$BS$81) -> 74.1 | BT9: =IF(ISBLANK($BT$82),"N/A",$BT$82) -> 74.2 | BU9: =IF(ISBLANK($BU$83),"N/A",$BU$83) -> 74.2 | BV9: =IF(ISBLANK($BV$84),"N/A",$BV$84) -> 74.4 | BW9: =IF(ISBLANK($BW$85),"N/A",$BW$85) -> 74.5 | BX9: =IF(ISBLANK($BX$86),"N/A",$BX$86) -> 74.5 | BY9: =IF(ISBLANK($BY$87),"N/A",$BY$87) -> 74.5 | BZ9: =IF(ISBLANK($BZ$88),"N/A",$BZ$88) -> 74.5 | CA9: =IF(ISBLANK($CA$89),"N/A",$CA$89) -> 74.4 | CB9: =IF(ISBLANK($CB$90),"N/A",$CB$90) -> 74.5 | CC9: =IF(ISBLANK($CC$91),"N/A",$CC$91) -> 74.6 | CD9: =IF(ISBLANK($CD$92),"N/A",$CD$92) -> 74.6 | CE9: =IF(ISBLANK($CE$93),"N/A",$CE$93) -> 74.6 | CF9: =IF(ISBLANK($CF$94),"N/A",$CF$94) -> 74.8 | CG9: =IF(ISBLANK($CG$95),"N/A",$CG$95) -> 74.8 | CH9: =IF(ISBLANK($CH$96),"N/A",$CH$96) -> 74.9 | CI9: =IF(ISBLANK($CI$97),"N/A",$CI$97) -> 75.1 | CJ9: =IF(ISBLANK($CJ$98),"N/A",$CJ$98) -> 75.3 | CK9: =IF(ISBLANK($CK$99),"N/A",$CK$99) -> 75.1 | CL9: =IF(ISBLANK($CL$100),"N/A",$CL$100) -> 75 | CM9: =IF(ISBLANK($CM$101),"N/A",$CM$101) -> 75.1 | CN9: =IF(ISBLANK($CN$102),"N/A",$CN$102) -> 75.3 | CO9: =IF(ISBLANK($CO$103),"N/A",$CO$103) -> 75.2 | CP9: =IF(ISBLANK($CP$104),"N/A",$CP$104) -> 75.3 | CQ9: =IF(ISBLANK($CQ$105),"N/A",$CQ$105) -> 75.4 | CR9: =IF(ISBLANK($CR$106),"N/A",$CR$106) -> 75.6 | CS9: =IF(ISBLANK($CS$107),"N/A",$CS$107) -> 75.6 | CT9: =IF(ISBLANK($CT$108),"N/A",$CT$108) -> 75.7 | CU9: =IF(ISBLANK($CU$109),"N/A",$CU$109) -> 75.6 | CV9: =IF(ISBLANK($CV$110),"N/A",$CV$110) -> 75.5 | CW9: =IF(ISBLANK($CW$111),"N/A",$CW$111) -> 75.5 | CX9: =IF(ISBLANK($CX$112),"N/A",$CX$112) -> 75.5 | CY9: =IF(ISBLANK($CY$113),"N/A",$CY$113) -> 75.7 | CZ9: =IF(ISBLANK($CZ$114),"N/A",$CZ$114) -> 75.8 | DA9: =IF(ISBLANK($DA$115),"N/A",$DA$115) -> 75.8 | DB9: =IF(ISBLANK($DB$116),"N/A",$DB$116) -> 76.1 | DC9: =IF(ISBLANK($DC$117),"N/A",$DC$117) -> 76.1 | DD9: =IF(ISBLANK($DD$118),"N/A",$DD$118) -> 76.1 | DE9: =IF(ISBLANK($DE$119),"N/A",$DE$119) -> 76.1 | DF9: =IF(ISBLANK($DF$120),"N/A",$DF$120) -> 76 | DG9: =IF(ISBLANK($DG$121),"N/A",$DG$121) -> 76.1 | DH9: =IF(ISBLANK($DH$122),"N/A",$DH$122) -> 76.1 | DI9: =IF(ISBLANK($DI$123),"N/A",$DI$123) -> 75.9 | DJ9: =IF(ISBLANK($DJ$124),"N/A",$DJ$124) -> 76 | DK9: =IF(ISBLANK($DK$125),"N/A",$DK$125) -> 76.2 | DL9: =IF(ISBLANK($DL$126),"N/A",$DL$126) -> 76.3 | DM9: =IF(ISBLANK($DM$127),"N/A",$DM$127) -> 76.5 | DN9: =IF(ISBLANK($DN$128),"N/A",$DN$128) -> 76.5 | DO9: =IF(ISBLANK($DO$129),"N/A",$DO$129) -> 76.6 | DP9: =IF(ISBLANK($DP$130),"N/A",$DP$130) -> 76.6 | DQ9: =IF(ISBLANK($DQ$131),"N/A",$DQ$131) -> 76.4 | DR9: =IF(ISBLANK($DR$132),"N/A",$DR$132) -> 76.4 | DS9: =IF(ISBLANK($DS$133),"N/A",$DS$133) -> 76.4 | DT9: =IF(ISBLANK($DT$134),"N/A",$DT$134) -> 76.5 | DU9: =IF(ISBLANK($DU$135),"N/A",$DU$135) -> 75.56054 | DV9: =IF(ISBLANK($DV$136),"N/A",$DV$136) -> 75.3 | DW9: =IF(ISBLANK($DW$137),"N/A",$DW$137) -> 75.2 | DX9: =IF(ISBLANK($DX$138),"N/A",$DX$138) -> 75.2 | DY9: =IF(ISBLANK($DY$139),"N/A",$DY$139) -> 75 | DZ9: =IF(ISBLANK($DZ$140),"N/A",$DZ$140) -> 75 | EA9: =IF(ISBLANK($EA$141),"N/A",$EA$141) -> 75.1 | EB9: =IF(ISBLANK($EB$142),"N/A",$EB$142) -> 75.2 | EC9: =IF(ISBLANK($EC$143),"N/A",$EC$143) -> 75.2 | ED9: =IF(ISBLANK($ED$144),"N/A",$ED$144) -> 74.804889 | EE9: =IF(ISBLANK($EE$145),"N/A",$EE$145) -> 75.072313 | EF9: =IF(ISBLANK($EF$146),"N/A",$EF$146) -> 75.221203 | EG9: =IF(ISBLANK($EG$147),"N/A",$EG$147) -> 75.304371 | EH9: =IF(ISBLANK($EH$148),"N/A",$EH$148) -> 75.426779 | EI9: =IF(ISBLANK($EI$149),"N/A",$EI$149) -> 75.461812 | EJ9: =IF(ISBLANK($EJ$150),"N/A",$EJ$150) -> 75.5 | EK9: =IF(ISBLANK($EK$151),"N/A",$EK$151) -> 75.5 | EL9: =IF(ISBLANK($EL$152),"N/A",$EL$152) -> 75.6 | EM9: =IF(ISBLANK($EM$153),"N/A",$EM$153) -> 75.485512 | EN9: =IF(ISBLANK($EN$154),"N/A",$EN$154) -> 75.658527 | EO9: =IF(ISBLANK($EO$155),"N/A",$EO$155) -> 75.648993 | EP9: =IF(ISBLANK($EP$156),"N/A",$EP$156) -> 75.866475 | EQ9: =IF(ISBLANK($EQ$157),"N/A",$EQ$157) -> 75.518216 | ER9: =IF(ISBLANK($ER$158),"N/A",$ER$158) -> 75.4242 | ES9: =IF(ISBLANK($ES$159),"N/A",$ES$159) -> 75.5 | ET9: =IF(ISBLANK($ET$160),"N/A",$ET$160) -> 75.5 | EU9: =IF(ISBLANK($EU$161),"N/A",$EU$161) -> 75.590937 | EV9: =IF(ISBLANK($EV$162),"N/A",$EV$162) -> 75.6 | EW9: =IF(ISBLANK($EW$163),"N/A",$EW$163) -> 75.630705 | EX9: =IF(ISBLANK($EX$164),"N/A",$EX$164) -> 75.729704 | EY9: =IF(ISBLANK($EY$165),"N/A",$EY$165) -> 75.809139 | EZ9: =IF(ISBLANK($EZ$166),"N/A",$EZ$166) -> 75.876896 | FA9: =IF(ISBLANK($FA$167),"N/A",$FA$167) -> 75.97215 | FB9: =IF(ISBLANK($FB$168),"N/A",$FB$168) -> 75.973187 | FC9: =IF(ISBLANK($FC$169),"N/A",$FC$169) -> 75.729763 | FD9: =IF(ISBLANK($FD$170),"N/A",$FD$170) -> 75.483668 | FE9: =IF(ISBLANK($FE$171),"N/A",$FE$171) -> 75.270661 | FF9: =IF(ISBLANK($FF$172),"N/A",$FF$172) -> 75.443652 | FG9: =IF(ISBLANK($FG$173),"N/A",$FG$173) -> 75.571136 | FH9: =IF(ISBLANK($FH$174),"N/A",$FH$174) -> 75.68751 | FI9: =IF(ISBLANK($FI$175),"N/A",$FI$175) -> 75.008565 | FJ9: =IF(ISBLANK($FJ$176),"N/A",$FJ$176) -> 74.998781 | FK9: =IF(ISBLANK($FK$177),"N/A",$FK$177) -> 74.487887 | FL9: =IF(ISBLANK($FL$178),"N/A",$FL$178) -> 74.451316 | FM9: =IF(ISBLANK($FM$179),"N/A",$FM$179) -> 74.298008 | FN9: =IF(ISBLANK($FN$180),"N/A",$FN$180) -> 74.361419 | FO9: =IF(ISBLANK($FO$181),"N/A",$FO$181) -> 74.517672 | FP9: =IF(ISBLANK($FP$182),"N/A",$FP$182) -> 74.785861 | FQ9: =IF(ISBLANK($FQ$183),"N/A",$FQ$183) -> 75.005738 | FR9: =IF(ISBLANK($FR$184),"N/A",$FR$184) -> 74.811055 | FS9: =IF(ISBLANK($FS$185),"N/A",$FS$185) -> 74.889153 | FT9: =IF(ISBLANK($FT$186),"N/A",$FT$186) -> 74.841084 | FU9: =IF(ISBLANK($FU$187),"N/A",$FU$187) -> 74.938223 | FV9: =IF(ISBLANK($FV$188),"N/A",$FV$188) -> 75.006018 | FW9: =IF(ISBLANK($FW$189),"N/A",$FW$189) -> 75.06605 | FX9: =IF(ISBLANK($FX$190),"N/A",$FX$190) -> 74.999445 | FY9: =IF(ISBLANK($FY$191),"N/A",$FY$191) -> 75.057705 | FZ9: =IF(ISBLANK($FZ$192),"N/A",$FZ$192) -> 75.241221 | GA9: =IF(ISBLANK($GA$193),"N/A",$GA$193) -> 75.268461 | GB9: =IF(ISBLANK($GB$194),"N/A",$GB$194) -> 75.174093 | GC9: =IF(ISBLANK($GC$195),"N/A",$GC$195) -> 75.063593 | GD9: =IF(ISBLANK($GD$196),"N/A",$GD$196) -> 75.041595 | GE9: =IF(ISBLANK($GE$197),"N/A",$GE$197) -> 74.915831 | GF9: =IF(ISBLANK($GF$198),"N/A",$GF$198) -> 75.092992 | GG9: =IF(ISBLANK($GG$199),"N/A",$GG$199) -> 74.959733
B10: Value 12 Months later | C10: =IF(ISBLANK($C$25),"N/A",$C$25) -> 70.5 | D10: =IF(ISBLANK($D$26),"N/A",$D$26) -> 70.7 | E10: =IF(ISBLANK($E$27),"N/A",$E$27) -> 70.7 | F10: =IF(ISBLANK($F$28),"N/A",$F$28) -> 70.8 | G10: =IF(ISBLANK($G$29),"N/A",$G$29) -> 70.6 | H10: =IF(ISBLANK($H$30),"N/A",$H$30) -> 70.4 | I10: =IF(ISBLANK($I$31),"N/A",$I$31) -> 70.5 | J10: =IF(ISBLANK($J$32),"N/A",$J$32) -> 70.5 | K10: =IF(ISBLANK($K$33),"N/A",$K$33) -> 70.7 | L10: =IF(ISBLANK($L$34),"N/A",$L$34) -> 70.7 | M10: =IF(ISBLANK($M$35),"N/A",$M$35) -> 70.6 | N10: =IF(ISBLANK($N$36),"N/A",$N$36) -> 70.7 | O10: =IF(ISBLANK($O$37),"N/A",$O$37) -> 70.6 | P10: =IF(ISBLANK($P$38),"N/A",$P$38) -> 70.4 | Q10: =IF(ISBLANK($Q$39),"N/A",$Q$39) -> 70.3 | R10: =IF(ISBLANK($R$40),"N/A",$R$40) -> 70.2 | S10: =IF(ISBLANK($S$41),"N/A",$S$41) -> 70.3 | T10: =IF(ISBLANK($T$42),"N/A",$T$42) -> 70.3 | U10: =IF(ISBLANK($U$43),"N/A",$U$43) -> 70.4 | V10: =IF(ISBLANK($V$44),"N/A",$V$44) -> 70.4 | W10: =IF(ISBLANK($W$45),"N/A",$W$45) -> 70.5 | X10: =IF(ISBLANK($X$46),"N/A",$X$46) -> 70.6 | Y10: =IF(ISBLANK($Y$47),"N/A",$Y$47) -> 70.7 | Z10: =IF(ISBLANK($Z$48),"N/A",$Z$48) -> 70.8 | AA10: =IF(ISBLANK($AA$49),"N/A",$AA$49) -> 71 | AB10: =IF(ISBLANK($AB$50),"N/A",$AB$50) -> 71.2 | AC10: =IF(ISBLANK($AC$51),"N/A",$AC$51) -> 71.3 | AD10: =IF(ISBLANK($AD$52),"N/A",$AD$52) -> 71.2 | AE10: =IF(ISBLANK($AE$53),"N/A",$AE$53) -> 71.2 | AF10: =IF(ISBLANK($AF$54),"N/A",$AF$54) -> 71.5 | AG10: =IF(ISBLANK($AG$55),"N/A",$AG$55) -> 71.6 | AH10: =IF(ISBLANK($AH$56),"N/A",$AH$56) -> 71.5 | AI10: =IF(ISBLANK($AI$57),"N/A",$AI$57) -> 71.4 | AJ10: =IF(ISBLANK($AJ$58),"N/A",$AJ$58) -> 71.4 | AK10: =IF(ISBLANK($AK$59),"N/A",$AK$59) -> 71.5 | AL10: =IF(ISBLANK($AL$60),"N/A",$AL$60) -> 71.4 | AM10: =IF(ISBLANK($AM$61),"N/A",$AM$61) -> 71.5 | AN10: =IF(ISBLANK($AN$62),"N/A",$AN$62) -> 71.6 | AO10: =IF(ISBLANK($AO$63),"N/A",$AO$63) -> 71.5 | AP10: =IF(ISBLANK($AP$64),"N/A",$AP$64) -> 71.6 | AQ10: =IF(ISBLANK($AQ$65),"N/A",$AQ$65) -> 71.8 | AR10: =IF(ISBLANK($AR$66),"N/A",$AR$66) -> 72 | AS10: =IF(ISBLANK($AS$67),"N/A",$AS$67) -> 72 | AT10: =IF(ISBLANK($AT$68),"N/A",$AT$68) -> 72.1 | AU10: =IF(ISBLANK($AU$69),"N/A",$AU$69) -> 72.4 | AV10: =IF(ISBLANK($AV$70),"N/A",$AV$70) -> 72.5 | AW10: =IF(ISBLANK($AW$71),"N/A",$AW$71) -> 72.7 | AX10: =IF(ISBLANK($AX$72),"N/A",$AX$72) -> 72.9 | AY10: =IF(ISBLANK($AY$73),"N/A",$AY$73) -> 72.8 | AZ10: =IF(ISBLANK($AZ$74),"N/A",$AZ$74) -> 72.8 | BA10: =IF(ISBLANK($BA$75),"N/A",$BA$75) -> 73 | BB10: =IF(ISBLANK($BB$76),"N/A",$BB$76) -> 73 | BC10: =IF(ISBLANK($BC$77),"N/A",$BC$77) -> 73 | BD10: =IF(ISBLANK($BD$78),"N/A",$BD$78) -> 73 | BE10: =IF(ISBLANK($BE$79),"N/A",$BE$79) -> 73.2 | BF10: =IF(ISBLANK($BF$80),"N/A",$BF$80) -> 73.3 | BG10: =IF(ISBLANK($BG$81),"N/A",$BG$81) -> 73.4 | BH10: =IF(ISBLANK($BH$82),"N/A",$BH$82) -> 73.5 | BI10: =IF(ISBLANK($BI$83),"N/A",$BI$83) -> 73.4 | BJ10: =IF(ISBLANK($BJ$84),"N/A",$BJ$84) -> 73.4 | BK10: =IF(ISBLANK($BK$85),"N/A",$BK$85) -> 73.4 | BL10: =IF(ISBLANK($BL$86),"N/A",$BL$86) -> 73.5 | BM10: =IF(ISBLANK($BM$87),"N/A",$BM$87) -> 73.6 | BN10: =IF(ISBLANK($BN$88),"N/A",$BN$88) -> 73.8 | BO10: =IF(ISBLANK($BO$89),"N/A",$BO$89) -> 73.9 | BP10: =IF(ISBLANK($BP$90),"N/A",$BP$90) -> 74 | BQ10: =IF(ISBLANK($BQ$91),"N/A",$BQ$91) -> 74.1 | BR10: =IF(ISBLANK($BR$92),"N/A",$BR$92) -> 74.1 | BS10: =IF(ISBLANK($BS$93),"N/A",$BS$93) -> 74.1 | BT10: =IF(ISBLANK($BT$94),"N/A",$BT$94) -> 74.2 | BU10: =IF(ISBLANK($BU$95),"N/A",$BU$95) -> 74.2 | BV10: =IF(ISBLANK($BV$96),"N/A",$BV$96) -> 74.4 | BW10: =IF(ISBLANK($BW$97),"N/A",$BW$97) -> 74.4 | BX10: =IF(ISBLANK($BX$98),"N/A",$BX$98) -> 74.5 | BY10: =IF(ISBLANK($BY$99),"N/A",$BY$99) -> 74.5 | BZ10: =IF(ISBLANK($BZ$100),"N/A",$BZ$100) -> 74.4 | CA10: =IF(ISBLANK($CA$101),"N/A",$CA$101) -> 74.4 | CB10: =IF(ISBLANK($CB$102),"N/A",$CB$102) -> 74.5 | CC10: =IF(ISBLANK($CC$103),"N/A",$CC$103) -> 74.6 | CD10: =IF(ISBLANK($CD$104),"N/A",$CD$104) -> 74.6 | CE10: =IF(ISBLANK($CE$105),"N/A",$CE$105) -> 74.6 | CF10: =IF(ISBLANK($CF$106),"N/A",$CF$106) -> 74.8 | CG10: =IF(ISBLANK($CG$107),"N/A",$CG$107) -> 74.8 | CH10: =IF(ISBLANK($CH$108),"N/A",$CH$108) -> 74.9 | CI10: =IF(ISBLANK($CI$109),"N/A",$CI$109) -> 75.1 | CJ10: =IF(ISBLANK($CJ$110),"N/A",$CJ$110) -> 75.3 | CK10: =IF(ISBLANK($CK$111),"N/A",$CK$111) -> 75.1 | CL10: =IF(ISBLANK($CL$112),"N/A",$CL$112) -> 75 | CM10: =IF(ISBLANK($CM$113),"N/A",$CM$113) -> 75.1 | CN10: =IF(ISBLANK($CN$114),"N/A",$CN$114) -> 75.3 | CO10: =IF(ISBLANK($CO$115),"N/A",$CO$115) -> 75.2 | CP10: =IF(ISBLANK($CP$116),"N/A",$CP$116) -> 75.3 | CQ10: =IF(ISBLANK($CQ$117),"N/A",$CQ$117) -> 75.4 | CR10: =IF(ISBLANK($CR$118),"N/A",$CR$118) -> 75.6 | CS10: =IF(ISBLANK($CS$119),"N/A",$CS$119) -> 75.6 | CT10: =IF(ISBLANK($CT$120),"N/A",$CT$120) -> 75.6 | CU10: =IF(ISBLANK($CU$121),"N/A",$CU$121) -> 75.5 | CV10: =IF(ISBLANK($CV$122),"N/A",$CV$122) -> 75.5 | CW10: =IF(ISBLANK($CW$123),"N/A",$CW$123) -> 75.6 | CX10: =IF(ISBLANK($CX$124),"N/A",$CX$124) -> 75.6 | CY10: =IF(ISBLANK($CY$125),"N/A",$CY$125) -> 75.7 | CZ10: =IF(ISBLANK($CZ$126),"N/A",$CZ$126) -> 75.8 | DA10: =IF(ISBLANK($DA$127),"N/A",$DA$127) -> 75.8 | DB10: =IF(ISBLANK($DB$128),"N/A",$DB$128) -> 76.1 | DC10: =IF(ISBLANK($DC$129),"N/A",$DC$129) -> 76.1 | DD10: =IF(ISBLANK($DD$130),"N/A",$DD$130) -> 76.1 | DE10: =IF(ISBLANK($DE$131),"N/A",$DE$131) -> 76.1 | DF10: =IF(ISBLANK($DF$132),"N/A",$DF$132) -> 75.8 | DG10: =IF(ISBLANK($DG$133),"N/A",$DG$133) -> 76.1 | DH10: =IF(ISBLANK($DH$134),"N/A",$DH$134) -> 76 | DI10: =IF(ISBLANK($DI$135),"N/A",$DI$135) -> 75.9 | DJ10: =IF(ISBLANK($DJ$136),"N/A",$DJ$136) -> 76 | DK10: =IF(ISBLANK($DK$137),"N/A",$DK$137) -> 76.2 | DL10: =IF(ISBLANK($DL$138),"N/A",$DL$138) -> 76.3 | DM10: =IF(ISBLANK($DM$139),"N/A",$DM$139) -> 76.5 | DN10: =IF(ISBLANK($DN$140),"N/A",$DN$140) -> 76.5 | DO10: =IF(ISBLANK($DO$141),"N/A",$DO$141) -> 76.6 | DP10: =IF(ISBLANK($DP$142),"N/A",$DP$142) -> 76.340152 | DQ10: =IF(ISBLANK($DQ$143),"N/A",$DQ$143) -> 76.023623 | DR10: =IF(ISBLANK($DR$144),"N/A",$DR$144) -> 75.8418 | DS10: =IF(ISBLANK($DS$145),"N/A",$DS$145) -> 75.748395 | DT10: =IF(ISBLANK($DT$146),"N/A",$DT$146) -> 75.62516 | DU10: =IF(ISBLANK($DU$147),"N/A",$DU$147) -> 75.370426 | DV10: =IF(ISBLANK($DV$148),"N/A",$DV$148) -> 75.032894 | DW10: =IF(ISBLANK($DW$149),"N/A",$DW$149) -> 74.935644 | DX10: =IF(ISBLANK($DX$150),"N/A",$DX$150) -> 74.948703 | DY10: =IF(ISBLANK($DY$151),"N/A",$DY$151) -> 74.6539 | DZ10: =IF(ISBLANK($DZ$152),"N/A",$DZ$152) -> 74.61004 | EA10: =IF(ISBLANK($EA$153),"N/A",$EA$153) -> 74.720603 | EB10: =IF(ISBLANK($EB$154),"N/A",$EB$154) -> 74.724823 | EC10: =IF(ISBLANK($EC$155),"N/A",$EC$155) -> 74.692215 | ED10: =IF(ISBLANK($ED$156),"N/A",$ED$156) -> 74.750852 | EE10: =IF(ISBLANK($EE$157),"N/A",$EE$157) -> 75.019872 | EF10: =IF(ISBLANK($EF$158),"N/A",$EF$158) -> 75.142336 | EG10: =IF(ISBLANK($EG$159),"N/A",$EG$159) -> 75.242012 | EH10: =IF(ISBLANK($EH$160),"N/A",$EH$160) -> 75.336738 | EI10: =IF(ISBLANK($EI$161),"N/A",$EI$161) -> 75.385208 | EJ10: =IF(ISBLANK($EJ$162),"N/A",$EJ$162) -> 75.417537 | EK10: =IF(ISBLANK($EK$163),"N/A",$EK$163) -> 75.469459 | EL10: =IF(ISBLANK($EL$164),"N/A",$EL$164) -> 75.431988 | EM10: =IF(ISBLANK($EM$165),"N/A",$EM$165) -> 75.465306 | EN10: =IF(ISBLANK($EN$166),"N/A",$EN$166) -> 75.626684 | EO10: =IF(ISBLANK($EO$167),"N/A",$EO$167) -> 75.648993 | EP10: =IF(ISBLANK($EP$168),"N/A",$EP$168) -> 75.866475 | EQ10: =IF(ISBLANK($EQ$169),"N/A",$EQ$169) -> 75.518216 | ER10: =IF(ISBLANK($ER$170),"N/A",$ER$170) -> 75.4242 | ES10: =IF(ISBLANK($ES$171),"N/A",$ES$171) -> 75.5 | ET10: =IF(ISBLANK($ET$172),"N/A",$ET$172) -> 75.5 | EU10: =IF(ISBLANK($EU$173),"N/A",$EU$173) -> 75.590937 | EV10: =IF(ISBLANK($EV$174),"N/A",$EV$174) -> 75.6 | EW10: =IF(ISBLANK($EW$175),"N/A",$EW$175) -> 75.18609 | EX10: =IF(ISBLANK($EX$176),"N/A",$EX$176) -> 75.243637 | EY10: =IF(ISBLANK($EY$177),"N/A",$EY$177) -> 75.238481 | EZ10: =IF(ISBLANK($EZ$178),"N/A",$EZ$178) -> 75.278703 | FA10: =IF(ISBLANK($FA$179),"N/A",$FA$179) -> 75.43069 | FB10: =IF(ISBLANK($FB$180),"N/A",$FB$180) -> 75.460293 | FC10: =IF(ISBLANK($FC$181),"N/A",$FC$181) -> 75.169188 | FD10: =IF(ISBLANK($FD$182),"N/A",$FD$182) -> 74.911923 | FE10: =IF(ISBLANK($FE$183),"N/A",$FE$183) -> 74.744985 | FF10: =IF(ISBLANK($FF$184),"N/A",$FF$184) -> 74.846469 | FG10: =IF(ISBLANK($FG$185),"N/A",$FG$185) -> 74.869395 | FH10: =IF(ISBLANK($FH$186),"N/A",$FH$186) -> 74.856164 | FI10: =IF(ISBLANK($FI$187),"N/A",$FI$187) -> 74.84999 | FJ10: =IF(ISBLANK($FJ$188),"N/A",$FJ$188) -> 74.659177 | FK10: =IF(ISBLANK($FK$189),"N/A",$FK$189) -> 74.559012 | FL10: =IF(ISBLANK($FL$190),"N/A",$FL$190) -> 74.495675 | FM10: =IF(ISBLANK($FM$191),"N/A",$FM$191) -> 74.396209 | FN10: =IF(ISBLANK($FN$192),"N/A",$FN$192) -> 74.407764 | FO10: =IF(ISBLANK($FO$193),"N/A",$FO$193) -> 74.574397 | FP10: =IF(ISBLANK($FP$194),"N/A",$FP$194) -> 74.722903 | FQ10: =IF(ISBLANK($FQ$195),"N/A",$FQ$195) -> 74.985704 | FR10: =IF(ISBLANK($FR$196),"N/A",$FR$196) -> 74.937976 | FS10: =IF(ISBLANK($FS$197),"N/A",$FS$197) -> 74.902473 | FT10: =IF(ISBLANK($FT$198),"N/A",$FT$198) -> 74.850935 | FU10: =IF(ISBLANK($FU$199),"N/A",$FU$199) -> 74.956007 | FV10: N/A | FW10: =IF(ISBLANK($FW$201),"N/A",$FW$201) -> N/A | FX10: =IF(ISBLANK($FX$202),"N/A",$FX$202) -> N/A | FY10: =IF(ISBLANK($FY$203),"N/A",$FY$203) -> N/A | FZ10: =IF(ISBLANK($FZ$204),"N/A",$FZ$204) -> N/A | GA10: =IF(ISBLANK($GA$205),"N/A",$GA$205) -> N/A | GB10: =IF(ISBLANK($GB$206),"N/A",$GB$206) -> N/A | GC10: =IF(ISBLANK($GC$207),"N/A",$GC$207) -> N/A | GD10: =IF(ISBLANK($GD$208),"N/A",$GD$208) -> N/A | GE10: =IF(ISBLANK($GE$209),"N/A",$GE$209) -> N/A | GF10: =IF(ISBLANK($GF$210),"N/A",$GF$210) -> N/A | GG10: =IF(ISBLANK($GG$211),"N/A",$GG$211) -> N/A
B11: BB1 Estimate
B12: BB2 Estimate
B13: 40391 | C13: 70.5
B14: 40422 | C14: 70.5 | D14: 70.7
B15: 40452 | C15: 70.5 | D15: 70.7 | E15: 70.7
B16: 40483 | C16: 70.5 | D16: 70.7 | E16: 70.7 | F16: 70.8
B17: 40513 | C17: 70.5 | D17: 70.7 | E17: 70.7 | F17: 70.8 | G17: 70.6
B18: 40544 | C18: 70.5 | D18: 70.7 | E18: 70.7 | F18: 70.8 | G18: 70.6 | H18: 70.4
B19: 40575 | C19: 70.5 | D19: 70.7 | E19: 70.7 | F19: 70.8 | G19: 70.6 | H19: 70.4 | I19: 70.5
B20: 40603 | C20: 70.5 | D20: 70.7 | E20: 70.7 | F20: 70.8 | G20: 70.6 | H20: 70.4 | I20: 70.5 | J20: 70.5
B21: 40634 | C21: 70.5 | D21: 70.7 | E21: 70.7 | F21: 70.8 | G21: 70.6 | H21: 70.4 | I21: 70.5 | J21: 70.5 | K21: 70.7
B22: 40664 | C22: 70.5 | D22: 70.7 | E22: 70.7 | F22: 70.8 | G22: 70.6 | H22: 70.4 | I22: 70.5 | J22: 70.5 | K22: 70.7 | L22: 70.7
B23: 40695 | C23: 70.5 | D23: 70.7 | E23: 70.7 | F23: 70.8 | G23: 70.6 | H23: 70.4 | I23: 70.5 | J23: 70.5 | K23: 70.7 | L23: 70.7 | M23: 70.6
B24: 40725 | C24: 70.5 | D24: 70.7 | E24: 70.7 | F24: 70.8 | G24: 70.6 | H24: 70.4 | I24: 70.5 | J24: 70.5 | K24: 70.7 | L24: 70.7 | M24: 70.6 | N24: 70.7
B25: 40756 | C25: 70.5 | D25: 70.7 | E25: 70.7 | F25: 70.8 | G25: 70.6 | H25: 70.4 | I25: 70.5 | J25: 70.5 | K25: 70.7 | L25: 70.7 | M25: 70.6 | N25: 70.7 | O25: 70.7
B26: 40787 | C26: 70.5 | D26: 70.7 | E26: 70.7 | F26: 70.8 | G26: 70.6 | H26: 70.4 | I26: 70.5 | J26: 70.5 | K26: 70.7 | L26: 70.7 | M26: 70.6 | N26: 70.7 | O26: 70.7 | P26: 70.5
B27: 40817 | C27: 70.5 | D27: 70.7 | E27: 70.7 | F27: 70.8 | G27: 70.6 | H27: 70.4 | I27: 70.5 | J27: 70.5 | K27: 70.7 | L27: 70.7 | M27: 70.6 | N27: 70.7 | O27: 70.7 | P27: 70.5 | Q27: 70.4
B28: 40848 | C28: 70.5 | D28: 70.7 | E28: 70.7 | F28: 70.8 | G28: 70.6 | H28: 70.4 | I28: 70.5 | J28: 70.5 | K28: 70.7 | L28: 70.7 | M28: 70.6 | N28: 70.7 | O28: 70.7 | P28: 70.5 | Q28: 70.4 | R28: 70.2
B29: 40878 | C29: 70.5 | D29: 70.7 | E29: 70.7 | F29: 70.8 | G29: 70.6 | H29: 70.4 | I29: 70.5 | J29: 70.5 | K29: 70.7 | L29: 70.7 | M29: 70.6 | N29: 70.7 | O29: 70.7 | P29: 70.5 | Q29: 70.4 | R29: 70.2 | S29: 70.3
B30: 40909 | C30: 70.5 | D30: 70.7 | E30: 70.7 | F30: 70.8 | G30: 70.6 | H30: 70.4 | I30: 70.5 | J30: 70.5 | K30: 70.7 | L30: 70.7 | M30: 70.6 | N30: 70.7 | O30: 70.7 | P30: 70.5 | Q30: 70.4 | R30: 70.2 | S30: 70.3 | T30: 70.3
B31: 40940 | C31: 70.5 | D31: 70.7 | E31: 70.7 | F31: 70.8 | G31: 70.6 | H31: 70.4 | I31: 70.5 | J31: 70.5 | K31: 70.7 | L31: 70.7 | M31: 70.6 | N31: 70.7 | O31: 70.7 | P31: 70.5 | Q31: 70.4 | R31: 70.2 | S31: 70.3 | T31: 70.3 | U31: 70.3
B32: 40969 | C32: 70.5 | D32: 70.7 | E32: 70.7 | F32: 70.8 | G32: 70.6 | H32: 70.4 | I32: 70.5 | J32: 70.5 | K32: 70.7 | L32: 70.7 | M32: 70.6 | N32: 70.7 | O32: 70.7 | P32: 70.5 | Q32: 70.4 | R32: 70.2 | S32: 70.3 | T32: 70.3 | U32: 70.3 | V32: 70.3
B33: 41000 | C33: 70.5 | D33: 70.7 | E33: 70.7 | F33: 70.8 | G33: 70.6 | H33: 70.4 | I33: 70.5 | J33: 70.5 | K33: 70.7 | L33: 70.7 | M33: 70.6 | N33: 70.7 | O33: 70.7 | P33: 70.5 | Q33: 70.4 | R33: 70.2 | S33: 70.3 | T33: 70.3 | U33: 70.3 | V33: 70.3 | W33: 70.4
B34: 41030 | C34: 70.5 | D34: 70.7 | E34: 70.7 | F34: 70.8 | G34: 70.6 | H34: 70.4 | I34: 70.5 | J34: 70.5 | K34: 70.7 | L34: 70.7 | M34: 70.6 | N34: 70.7 | O34: 70.7 | P34: 70.5 | Q34: 70.4 | R34: 70.2 | S34: 70.3 | T34: 70.3 | U34: 70.3 | V34: 70.3 | W34: 70.4 | X34: 70.5
B35: 41061 | C35: 70.5 | D35: 70.7 | E35: 70.7 | F35: 70.8 | G35: 70.6 | H35: 70.4 | I35: 70.5 | J35: 70.5 | K35: 70.7 | L35: 70.7 | M35: 70.6 | N35: 70.7 | O35: 70.7 | P35: 70.5 | Q35: 70.4 | R35: 70.2 | S35: 70.3 | T35: 70.3 | U35: 70.3 | V35: 70.3 | W35: 70.4 | X35: 70.5 | Y35: 70.6
B36: 41091 | C36: 70.5 | D36: 70.7 | E36: 70.7 | F36: 70.8 | G36: 70.6 | H36: 70.4 | I36: 70.5 | J36: 70.5 | K36: 70.7 | L36: 70.7 | M36: 70.6 | N36: 70.7 | O36: 70.7 | P36: 70.5 | Q36: 70.4 | R36: 70.2 | S36: 70.3 | T36: 70.3 | U36: 70.3 | V36: 70.3 | W36: 70.4 | X36: 70.5 | Y36: 70.6 | Z36: 70.7
B37: 41122 | C37: 70.4 | D37: 70.7 | E37: 70.7 | F37: 70.8 | G37: 70.6 | H37: 70.5 | I37: 70.5 | J37: 70.6 | K37: 70.7 | L37: 70.7 | M37: 70.6 | N37: 70.7 | O37: 70.6 | P37: 70.4 | Q37: 70.3 | R37: 70.2 | S37: 70.3 | T37: 70.3 | U37: 70.4 | V37: 70.4 | W37: 70.5 | X37: 70.6 | Y37: 70.7 | Z37: 70.8 | AA37: 71
B38: 41153 | C38: 70.4 | D38: 70.7 | E38: 70.7 | F38: 70.8 | G38: 70.6 | H38: 70.5 | I38: 70.5 | J38: 70.6 | K38: 70.7 | L38: 70.7 | M38: 70.6 | N38: 70.7 | O38: 70.6 | P38: 70.4 | Q38: 70.3 | R38: 70.2 | S38: 70.3 | T38: 70.3 | U38: 70.4 | V38: 70.4 | W38: 70.5 | X38: 70.6 | Y38: 70.7 | Z38: 70.8 | AA38: 71 | AB38: 71.2
B39: 41183 | C39: 70.4 | D39: 70.7 | E39: 70.7 | F39: 70.8 | G39: 70.6 | H39: 70.5 | I39: 70.5 | J39: 70.6 | K39: 70.7 | L39: 70.7 | M39: 70.6 | N39: 70.7 | O39: 70.6 | P39: 70.4 | Q39: 70.3 | R39: 70.2 | S39: 70.3 | T39: 70.3 | U39: 70.4 | V39: 70.4 | W39: 70.5 | X39: 70.6 | Y39: 70.7 | Z39: 70.8 | AA39: 71 | AB39: 71.2 | AC39: 71.3
B40: 41214 | C40: 70.4 | D40: 70.7 | E40: 70.7 | F40: 70.8 | G40: 70.6 | H40: 70.5 | I40: 70.5 | J40: 70.6 | K40: 70.7 | L40: 70.7 | M40: 70.6 | N40: 70.7 | O40: 70.6 | P40: 70.4 | Q40: 70.3 | R40: 70.2 | S40: 70.3 | T40: 70.3 | U40: 70.4 | V40: 70.4 | W40: 70.5 | X40: 70.6 | Y40: 70.7 | Z40: 70.8 | AA40: 71 | AB40: 71.2 | AC40: 71.3 | AD40: 71.2
B41: 41244 | C41: 70.4 | D41: 70.7 | E41: 70.7 | F41: 70.8 | G41: 70.6 | H41: 70.5 | I41: 70.5 | J41: 70.6 | K41: 70.7 | L41: 70.7 | M41: 70.6 | N41: 70.7 | O41: 70.6 | P41: 70.4 | Q41: 70.3 | R41: 70.2 | S41: 70.3 | T41: 70.3 | U41: 70.4 | V41: 70.4 | W41: 70.5 | X41: 70.6 | Y41: 70.7 | Z41: 70.8 | AA41: 71 | AB41: 71.2 | AC41: 71.3 | AD41: 71.2 | AE41: 71.2
B42: 41275 | C42: 70.4 | D42: 70.7 | E42: 70.7 | F42: 70.8 | G42: 70.6 | H42: 70.5 | I42: 70.5 | J42: 70.6 | K42: 70.7 | L42: 70.7 | M42: 70.6 | N42: 70.7 | O42: 70.6 | P42: 70.4 | Q42: 70.3 | R42: 70.2 | S42: 70.3 | T42: 70.3 | U42: 70.4 | V42: 70.4 | W42: 70.5 | X42: 70.6 | Y42: 70.7 | Z42: 70.8 | AA42: 71 | AB42: 71.2 | AC42: 71.3 | AD42: 71.2 | AE42: 71.2 | AF42: 71.4
B43: 41306 | C43: 70.4 | D43: 70.7 | E43: 70.7 | F43: 70.8 | G43: 70.6 | H43: 70.5 | I43: 70.5 | J43: 70.6 | K43: 70.7 | L43: 70.7 | M43: 70.6 | N43: 70.7 | O43: 70.6 | P43: 70.4 | Q43: 70.3 | R43: 70.2 | S43: 70.3 | T43: 70.3 | U43: 70.4 | V43: 70.4 | W43: 70.5 | X43: 70.6 | Y43: 70.7 | Z43: 70.8 | AA43: 71 | AB43: 71.2 | AC43: 71.3 | AD43: 71.2 | AE43: 71.2 | AF43: 71.4 | AG43: 71.5
B44: 41334 | C44: 70.4 | D44: 70.7 | E44: 70.7 | F44: 70.8 | G44: 70.6 | H44: 70.5 | I44: 70.5 | J44: 70.6 | K44: 70.7 | L44: 70.7 | M44: 70.6 | N44: 70.7 | O44: 70.6 | P44: 70.4 | Q44: 70.3 | R44: 70.2 | S44: 70.3 | T44: 70.3 | U44: 70.4 | V44: 70.4 | W44: 70.5 | X44: 70.6 | Y44: 70.7 | Z44: 70.8 | AA44: 71 | AB44: 71.2 | AC44: 71.3 | AD44: 71.2 | AE44: 71.2 | AF44: 71.5 | AG44: 71.6 | AH44: 71.5
B45: 41365 | C45: 70.4 | D45: 70.7 | E45: 70.7 | F45: 70.8 | G45: 70.6 | H45: 70.5 | I45: 70.5 | J45: 70.6 | K45: 70.7 | L45: 70.7 | M45: 70.6 | N45: 70.7 | O45: 70.6 | P45: 70.4 | Q45: 70.3 | R45: 70.2 | S45: 70.3 | T45: 70.3 | U45: 70.4 | V45: 70.4 | W45: 70.5 | X45: 70.6 | Y45: 70.7 | Z45: 70.8 | AA45: 71 | AB45: 71.2 | AC45: 71.3 | AD45: 71.2 | AE45: 71.2 | AF45: 71.5 | AG45: 71.6 | AH45: 71.5 | AI45: 71.4
B46: 41395 | C46: 70.4 | D46: 70.7 | E46: 70.7 | F46: 70.8 | G46: 70.6 | H46: 70.5 | I46: 70.5 | J46: 70.6 | K46: 70.7 | L46: 70.7 | M46: 70.6 | N46: 70.7 | O46: 70.6 | P46: 70.4 | Q46: 70.3 | R46: 70.2 | S46: 70.3 | T46: 70.3 | U46: 70.4 | V46: 70.4 | W46: 70.5 | X46: 70.6 | Y46: 70.7 | Z46: 70.8 | AA46: 71 | AB46: 71.2 | AC46: 71.3 | AD46: 71.2 | AE46: 71.2 | AF46: 71.5 | AG46: 71.6 | AH46: 71.5 | AI46: 71.4 | AJ46: 71.4
B47: 41426 | C47: 70.4 | D47: 70.7 | E47: 70.7 | F47: 70.8 | G47: 70.6 | H47: 70.5 | I47: 70.5 | J47: 70.6 | K47: 70.7 | L47: 70.7 | M47: 70.6 | N47: 70.7 | O47: 70.6 | P47: 70.4 | Q47: 70.3 | R47: 70.2 | S47: 70.3 | T47: 70.3 | U47: 70.4 | V47: 70.4 | W47: 70.5 | X47: 70.6 | Y47: 70.7 | Z47: 70.8 | AA47: 71 | AB47: 71.2 | AC47: 71.3 | AD47: 71.2 | AE47: 71.2 | AF47: 71.5 | AG47: 71.6 | AH47: 71.5 | AI47: 71.4 | AJ47: 71.4 | AK47: 71.5
B48: 41456 | C48: 70.4 | D48: 70.7 | E48: 70.7 | F48: 70.8 | G48: 70.6 | H48: 70.5 | I48: 70.5 | J48: 70.6 | K48: 70.7 | L48: 70.7 | M48: 70.6 | N48: 70.7 | O48: 70.6 | P48: 70.4 | Q48: 70.3 | R48: 70.2 | S48: 70.3 | T48: 70.3 | U48: 70.4 | V48: 70.4 | W48: 70.5 | X48: 70.6 | Y48: 70.7 | Z48: 70.8 | AA48: 71 | AB48: 71.2 | AC48: 71.3 | AD48: 71.2 | AE48: 71.2 | AF48: 71.5 | AG48: 71.6 | AH48: 71.5 | AI48: 71.4 | AJ48: 71.4 | AK48: 71.5 | AL48: 71.4
B49: 41487 | C49: 70.4 | D49: 70.7 | E49: 70.7 | F49: 70.8 | G49: 70.6 | H49: 70.5 | I49: 70.5 | J49: 70.6 | K49: 70.7 | L49: 70.7 | M49: 70.6 | N49: 70.7 | O49: 70.6 | P49: 70.4 | Q49: 70.3 | R49: 70.2 | S49: 70.3 | T49: 70.3 | U49: 70.4 | V49: 70.4 | W49: 70.5 | X49: 70.6 | Y49: 70.7 | Z49: 70.8 | AA49: 71 | AB49: 71.2 | AC49: 71.3 | AD49: 71.2 | AE49: 71.2 | AF49: 71.5 | AG49: 71.6 | AH49: 71.5 | AI49: 71.4 | AJ49: 71.4 | AK49: 71.5 | AL49: 71.4 | AM49: 71.5
B50: 41518 | C50: 70.4 | D50: 70.7 | E50: 70.7 | F50: 70.8 | G50: 70.6 | H50: 70.5 | I50: 70.5 | J50: 70.6 | K50: 70.7 | L50: 70.7 | M50: 70.6 | N50: 70.7 | O50: 70.6 | P50: 70.4 | Q50: 70.3 | R50: 70.2 | S50: 70.3 | T50: 70.3 | U50: 70.4 | V50: 70.4 | W50: 70.5 | X50: 70.6 | Y50: 70.7 | Z50: 70.8 | AA50: 71 | AB50: 71.2 | AC50: 71.3 | AD50: 71.2 | AE50: 71.2 | AF50: 71.5 | AG50: 71.6 | AH50: 71.5 | AI50: 71.4 | AJ50: 71.4 | AK50: 71.5 | AL50: 71.4 | AM50: 71.5 | AN50: 71.6
B51: 41548 | C51: 70.4 | D51: 70.7 | E51: 70.7 | F51: 70.8 | G51: 70.6 | H51: 70.5 | I51: 70.5 | J51: 70.6 | K51: 70.7 | L51: 70.7 | M51: 70.6 | N51: 70.7 | O51: 70.6 | P51: 70.4 | Q51: 70.3 | R51: 70.2 | S51: 70.3 | T51: 70.3 | U51: 70.4 | V51: 70.4 | W51: 70.5 | X51: 70.6 | Y51: 70.7 | Z51: 70.8 | AA51: 71 | AB51: 71.2 | AC51: 71.3 | AD51: 71.2 | AE51: 71.2 | AF51: 71.5 | AG51: 71.6 | AH51: 71.5 | AI51: 71.4 | AJ51: 71.4 | AK51: 71.5 | AL51: 71.4 | AM51: 71.5 | AN51: 71.6 | AO51: 71.7
B52: 41579 | C52: 70.4 | D52: 70.7 | E52: 70.7 | F52: 70.8 | G52: 70.6 | H52: 70.5 | I52: 70.5 | J52: 70.6 | K52: 70.7 | L52: 70.7 | M52: 70.6 | N52: 70.7 | O52: 70.6 | P52: 70.4 | Q52: 70.3 | R52: 70.2 | S52: 70.3 | T52: 70.3 | U52: 70.4 | V52: 70.4 | W52: 70.5 | X52: 70.6 | Y52: 70.7 | Z52: 70.8 | AA52: 71 | AB52: 71.2 | AC52: 71.3 | AD52: 71.2 | AE52: 71.2 | AF52: 71.5 | AG52: 71.6 | AH52: 71.5 | AI52: 71.4 | AJ52: 71.4 | AK52: 71.5 | AL52: 71.4 | AM52: 71.5 | AN52: 71.6 | AO52: 71.7 | AP52: 71.8
B53: 41609 | C53: 70.4 | D53: 70.7 | E53: 70.7 | F53: 70.8 | G53: 70.6 | H53: 70.5 | I53: 70.5 | J53: 70.6 | K53: 70.7 | L53: 70.7 | M53: 70.6 | N53: 70.7 | O53: 70.6 | P53: 70.4 | Q53: 70.3 | R53: 70.2 | S53: 70.3 | T53: 70.3 | U53: 70.4 | V53: 70.4 | W53: 70.5 | X53: 70.6 | Y53: 70.7 | Z53: 70.8 | AA53: 71 | AB53: 71.2 | AC53: 71.3 | AD53: 71.2 | AE53: 71.2 | AF53: 71.5 | AG53: 71.6 | AH53: 71.5 | AI53: 71.4 | AJ53: 71.4 | AK53: 71.5 | AL53: 71.4 | AM53: 71.5 | AN53: 71.6 | AO53: 71.7 | AP53: 71.8 | AQ53: 72
B54: 41640 | C54: 70.4 | D54: 70.7 | E54: 70.7 | F54: 70.8 | G54: 70.6 | H54: 70.5 | I54: 70.5 | J54: 70.6 | K54: 70.7 | L54: 70.7 | M54: 70.6 | N54: 70.7 | O54: 70.6 | P54: 70.4 | Q54: 70.3 | R54: 70.2 | S54: 70.3 | T54: 70.3 | U54: 70.4 | V54: 70.4 | W54: 70.5 | X54: 70.6 | Y54: 70.7 | Z54: 70.8 | AA54: 71 | AB54: 71.2 | AC54: 71.3 | AD54: 71.2 | AE54: 71.2 | AF54: 71.5 | AG54: 71.6 | AH54: 71.5 | AI54: 71.4 | AJ54: 71.4 | AK54: 71.5 | AL54: 71.4 | AM54: 71.5 | AN54: 71.6 | AO54: 71.7 | AP54: 71.8 | AQ54: 72 | AR54: 72.1
B55: 41671 | C55: 70.4 | D55: 70.7 | E55: 70.7 | F55: 70.8 | G55: 70.6 | H55: 70.5 | I55: 70.5 | J55: 70.6 | K55: 70.7 | L55: 70.7 | M55: 70.6 | N55: 70.7 | O55: 70.6 | P55: 70.4 | Q55: 70.3 | R55: 70.2 | S55: 70.3 | T55: 70.3 | U55: 70.4 | V55: 70.4 | W55: 70.5 | X55: 70.6 | Y55: 70.7 | Z55: 70.8 | AA55: 71 | AB55: 71.2 | AC55: 71.3 | AD55: 71.2 | AE55: 71.2 | AF55: 71.5 | AG55: 71.6 | AH55: 71.5 | AI55: 71.4 | AJ55: 71.4 | AK55: 71.5 | AL55: 71.4 | AM55: 71.5 | AN55: 71.6 | AO55: 71.7 | AP55: 71.8 | AQ55: 72 | AR55: 72.1 | AS55: 72.1
B56: 41699 | C56: 70.4 | D56: 70.7 | E56: 70.7 | F56: 70.8 | G56: 70.6 | H56: 70.5 | I56: 70.5 | J56: 70.6 | K56: 70.7 | L56: 70.7 | M56: 70.6 | N56: 70.7 | O56: 70.6 | P56: 70.4 | Q56: 70.3 | R56: 70.2 | S56: 70.3 | T56: 70.3 | U56: 70.4 | V56: 70.4 | W56: 70.5 | X56: 70.6 | Y56: 70.7 | Z56: 70.8 | AA56: 71 | AB56: 71.2 | AC56: 71.3 | AD56: 71.2 | AE56: 71.2 | AF56: 71.5 | AG56: 71.6 | AH56: 71.5 | AI56: 71.4 | AJ56: 71.4 | AK56: 71.5 | AL56: 71.4 | AM56: 71.5 | AN56: 71.6 | AO56: 71.7 | AP56: 71.8 | AQ56: 72 | AR56: 72.1 | AS56: 72.1 | AT56: 72.3
B57: 41730 | C57: 70.4 | D57: 70.7 | E57: 70.7 | F57: 70.8 | G57: 70.6 | H57: 70.5 | I57: 70.5 | J57: 70.6 | K57: 70.7 | L57: 70.7 | M57: 70.6 | N57: 70.7 | O57: 70.6 | P57: 70.4 | Q57: 70.3 | R57: 70.2 | S57: 70.3 | T57: 70.3 | U57: 70.4 | V57: 70.4 | W57: 70.5 | X57: 70.6 | Y57: 70.7 | Z57: 70.8 | AA57: 71 | AB57: 71.2 | AC57: 71.3 | AD57: 71.2 | AE57: 71.2 | AF57: 71.5 | AG57: 71.6 | AH57: 71.5 | AI57: 71.4 | AJ57: 71.4 | AK57: 71.5 | AL57: 71.4 | AM57: 71.5 | AN57: 71.6 | AO57: 71.7 | AP57: 71.8 | AQ57: 72 | AR57: 72.1 | AS57: 72.1 | AT57: 72.3 | AU57: 72.6
B58: 41760 | C58: 70.4 | D58: 70.7 | E58: 70.7 | F58: 70.8 | G58: 70.6 | H58: 70.5 | I58: 70.5 | J58: 70.6 | K58: 70.7 | L58: 70.7 | M58: 70.6 | N58: 70.7 | O58: 70.6 | P58: 70.4 | Q58: 70.3 | R58: 70.2 | S58: 70.3 | T58: 70.3 | U58: 70.4 | V58: 70.4 | W58: 70.5 | X58: 70.6 | Y58: 70.7 | Z58: 70.8 | AA58: 71 | AB58: 71.2 | AC58: 71.3 | AD58: 71.2 | AE58: 71.2 | AF58: 71.5 | AG58: 71.6 | AH58: 71.5 | AI58: 71.4 | AJ58: 71.4 | AK58: 71.5 | AL58: 71.4 | AM58: 71.5 | AN58: 71.6 | AO58: 71.7 | AP58: 71.8 | AQ58: 72 | AR58: 72.1 | AS58: 72.1 | AT58: 72.3 | AU58: 72.6 | AV58: 72.7
B59: 41791 | C59: 70.4 | D59: 70.7 | E59: 70.7 | F59: 70.8 | G59: 70.6 | H59: 70.5 | I59: 70.5 | J59: 70.6 | K59: 70.7 | L59: 70.7 | M59: 70.6 | N59: 70.7 | O59: 70.6 | P59: 70.4 | Q59: 70.3 | R59: 70.2 | S59: 70.3 | T59: 70.3 | U59: 70.4 | V59: 70.4 | W59: 70.5 | X59: 70.6 | Y59: 70.7 | Z59: 70.8 | AA59: 71 | AB59: 71.2 | AC59: 71.3 | AD59: 71.2 | AE59: 71.2 | AF59: 71.5 | AG59: 71.6 | AH59: 71.5 | AI59: 71.4 | AJ59: 71.4 | AK59: 71.5 | AL59: 71.4 | AM59: 71.5 | AN59: 71.6 | AO59: 71.7 | AP59: 71.8 | AQ59: 72 | AR59: 72.1 | AS59: 72.1 | AT59: 72.3 | AU59: 72.6 | AV59: 72.7 | AW59: 72.9
B60: 41821 | C60: 70.4 | D60: 70.7 | E60: 70.7 | F60: 70.8 | G60: 70.6 | H60: 70.5 | I60: 70.5 | J60: 70.6 | K60: 70.7 | L60: 70.7 | M60: 70.6 | N60: 70.7 | O60: 70.6 | P60: 70.4 | Q60: 70.3 | R60: 70.2 | S60: 70.3 | T60: 70.3 | U60: 70.4 | V60: 70.4 | W60: 70.5 | X60: 70.6 | Y60: 70.7 | Z60: 70.8 | AA60: 71 | AB60: 71.2 | AC60: 71.3 | AD60: 71.2 | AE60: 71.2 | AF60: 71.5 | AG60: 71.6 | AH60: 71.5 | AI60: 71.4 | AJ60: 71.4 | AK60: 71.5 | AL60: 71.4 | AM60: 71.5 | AN60: 71.6 | AO60: 71.7 | AP60: 71.8 | AQ60: 72 | AR60: 72.1 | AS60: 72.1 | AT60: 72.3 | AU60: 72.6 | AV60: 72.7 | AW60: 72.9 | AX60: 73.1
B61: 41852 | C61: 70.4 | D61: 70.7 | E61: 70.7 | F61: 70.8 | G61: 70.6 | H61: 70.5 | I61: 70.5 | J61: 70.6 | K61: 70.7 | L61: 70.7 | M61: 70.6 | N61: 70.7 | O61: 70.6 | P61: 70.4 | Q61: 70.3 | R61: 70.2 | S61: 70.3 | T61: 70.3 | U61: 70.4 | V61: 70.4 | W61: 70.5 | X61: 70.6 | Y61: 70.7 | Z61: 70.8 | AA61: 71 | AB61: 71.2 | AC61: 71.3 | AD61: 71.2 | AE61: 71.2 | AF61: 71.5 | AG61: 71.6 | AH61: 71.5 | AI61: 71.4 | AJ61: 71.4 | AK61: 71.5 | AL61: 71.4 | AM61: 71.5 | AN61: 71.6 | AO61: 71.7 | AP61: 71.8 | AQ61: 72 | AR61: 72.1 | AS61: 72.1 | AT61: 72.3 | AU61: 72.6 | AV61: 72.7 | AW61: 72.9 | AX61: 73.1 | AY61: 73
B62: 41883 | C62: 70.4 | D62: 70.7 | E62: 70.7 | F62: 70.8 | G62: 70.6 | H62: 70.5 | I62: 70.5 | J62: 70.6 | K62: 70.7 | L62: 70.7 | M62: 70.6 | N62: 70.7 | O62: 70.6 | P62: 70.4 | Q62: 70.3 | R62: 70.2 | S62: 70.3 | T62: 70.3 | U62: 70.4 | V62: 70.4 | W62: 70.5 | X62: 70.6 | Y62: 70.7 | Z62: 70.8 | AA62: 71 | AB62: 71.2 | AC62: 71.3 | AD62: 71.2 | AE62: 71.2 | AF62: 71.5 | AG62: 71.6 | AH62: 71.5 | AI62: 71.4 | AJ62: 71.4 | AK62: 71.5 | AL62: 71.4 | AM62: 71.5 | AN62: 71.6 | AO62: 71.7 | AP62: 71.8 | AQ62: 72 | AR62: 72.1 | AS62: 72.1 | AT62: 72.3 | AU62: 72.6 | AV62: 72.7 | AW62: 72.9 | AX62: 73.1 | AY62: 73 | AZ62: 73
B63: 41913 | C63: 70.4 | D63: 70.6 | E63: 70.6 | F63: 70.7 | G63: 70.5 | H63: 70.3 | I63: 70.4 | J63: 70.5 | K63: 70.6 | L63: 70.5 | M63: 70.5 | N63: 70.5 | O63: 70.5 | P63: 70.2 | Q63: 70.2 | R63: 70.1 | S63: 70.1 | T63: 70.1 | U63: 70.2 | V63: 70.3 | W63: 70.3 | X63: 70.5 | Y63: 70.5 | Z63: 70.7 | AA63: 70.9 | AB63: 71.1 | AC63: 71.2 | AD63: 71.1 | AE63: 71 | AF63: 71.3 | AG63: 71.4 | AH63: 71.4 | AI63: 71.2 | AJ63: 71.2 | AK63: 71.2 | AL63: 71.2 | AM63: 71.3 | AN63: 71.5 | AO63: 71.5 | AP63: 71.6 | AQ63: 71.8 | AR63: 72 | AS63: 72 | AT63: 72.1 | AU63: 72.4 | AV63: 72.5 | AW63: 72.7 | AX63: 72.9 | AY63: 72.8 | AZ63: 72.8 | BA63: 73
B64: 41944 | C64: 70.4 | D64: 70.6 | E64: 70.6 | F64: 70.7 | G64: 70.5 | H64: 70.3 | I64: 70.4 | J64: 70.5 | K64: 70.6 | L64: 70.5 | M64: 70.5 | N64: 70.5 | O64: 70.5 | P64: 70.2 | Q64: 70.2 | R64: 70.1 | S64: 70.1 | T64: 70.1 | U64: 70.2 | V64: 70.3 | W64: 70.3 | X64: 70.5 | Y64: 70.5 | Z64: 70.7 | AA64: 70.9 | AB64: 71.1 | AC64: 71.2 | AD64: 71.1 | AE64: 71 | AF64: 71.3 | AG64: 71.4 | AH64: 71.4 | AI64: 71.2 | AJ64: 71.2 | AK64: 71.2 | AL64: 71.2 | AM64: 71.3 | AN64: 71.5 | AO64: 71.5 | AP64: 71.6 | AQ64: 71.8 | AR64: 72 | AS64: 72 | AT64: 72.1 | AU64: 72.4 | AV64: 72.5 | AW64: 72.7 | AX64: 72.9 | AY64: 72.8 | AZ64: 72.8 | BA64: 73 | BB64: 73
B65: 41974 | C65: 70.4 | D65: 70.6 | E65: 70.6 | F65: 70.7 | G65: 70.5 | H65: 70.3 | I65: 70.4 | J65: 70.5 | K65: 70.6 | L65: 70.5 | M65: 70.5 | N65: 70.5 | O65: 70.5 | P65: 70.2 | Q65: 70.2 | R65: 70.1 | S65: 70.1 | T65: 70.1 | U65: 70.2 | V65: 70.3 | W65: 70.3 | X65: 70.5 | Y65: 70.5 | Z65: 70.7 | AA65: 70.9 | AB65: 71.1 | AC65: 71.2 | AD65: 71.1 | AE65: 71 | AF65: 71.3 | AG65: 71.4 | AH65: 71.4 | AI65: 71.2 | AJ65: 71.2 | AK65: 71.2 | AL65: 71.2 | AM65: 71.3 | AN65: 71.5 | AO65: 71.5 | AP65: 71.6 | AQ65: 71.8 | AR65: 72 | AS65: 72 | AT65: 72.1 | AU65: 72.4 | AV65: 72.5 | AW65: 72.7 | AX65: 72.9 | AY65: 72.8 | AZ65: 72.8 | BA65: 73 | BB65: 73 | BC65: 73
B66: 42005 | C66: 70.4 | D66: 70.6 | E66: 70.6 | F66: 70.7 | G66: 70.5 | H66: 70.3 | I66: 70.4 | J66: 70.5 | K66: 70.6 | L66: 70.5 | M66: 70.5 | N66: 70.5 | O66: 70.5 | P66: 70.2 | Q66: 70.2 | R66: 70.1 | S66: 70.1 | T66: 70.1 | U66: 70.2 | V66: 70.3 | W66: 70.3 | X66: 70.5 | Y66: 70.5 | Z66: 70.7 | AA66: 70.9 | AB66: 71.1 | AC66: 71.2 | AD66: 71.1 | AE66: 71 | AF66: 71.3 | AG66: 71.4 | AH66: 71.4 | AI66: 71.2 | AJ66: 71.2 | AK66: 71.2 | AL66: 71.2 | AM66: 71.3 | AN66: 71.5 | AO66: 71.5 | AP66: 71.6 | AQ66: 71.8 | AR66: 72 | AS66: 72 | AT66: 72.1 | AU66: 72.4 | AV66: 72.5 | AW66: 72.7 | AX66: 72.9 | AY66: 72.8 | AZ66: 72.8 | BA66: 73 | BB66: 73 | BC66: 73 | BD66: 73
B67: 42036 | C67: 70.4 | D67: 70.6 | E67: 70.6 | F67: 70.7 | G67: 70.5 | H67: 70.3 | I67: 70.4 | J67: 70.5 | K67: 70.6 | L67: 70.5 | M67: 70.5 | N67: 70.5 | O67: 70.5 | P67: 70.2 | Q67: 70.2 | R67: 70.1 | S67: 70.1 | T67: 70.1 | U67: 70.2 | V67: 70.3 | W67: 70.3 | X67: 70.5 | Y67: 70.5 | Z67: 70.7 | AA67: 70.9 | AB67: 71.1 | AC67: 71.2 | AD67: 71.1 | AE67: 71 | AF67: 71.3 | AG67: 71.4 | AH67: 71.4 | AI67: 71.2 | AJ67: 71.2 | AK67: 71.2 | AL67: 71.2 | AM67: 71.3 | AN67: 71.5 | AO67: 71.5 | AP67: 71.6 | AQ67: 71.8 | AR67: 72 | AS67: 72 | AT67: 72.1 | AU67: 72.4 | AV67: 72.5 | AW67: 72.7 | AX67: 72.9 | AY67: 72.8 | AZ67: 72.8 | BA67: 73 | BB67: 73 | BC67: 73 | BD67: 73 | BE67: 73.2
B68: 42064 | C68: 70.4 | D68: 70.6 | E68: 70.6 | F68: 70.7 | G68: 70.5 | H68: 70.3 | I68: 70.4 | J68: 70.5 | K68: 70.6 | L68: 70.5 | M68: 70.5 | N68: 70.5 | O68: 70.5 | P68: 70.2 | Q68: 70.2 | R68: 70.1 | S68: 70.1 | T68: 70.1 | U68: 70.2 | V68: 70.3 | W68: 70.3 | X68: 70.5 | Y68: 70.5 | Z68: 70.7 | AA68: 70.9 | AB68: 71.1 | AC68: 71.2 | AD68: 71.1 | AE68: 71 | AF68: 71.3 | AG68: 71.4 | AH68: 71.4 | AI68: 71.2 | AJ68: 71.2 | AK68: 71.2 | AL68: 71.2 | AM68: 71.3 | AN68: 71.5 | AO68: 71.5 | AP68: 71.6 | AQ68: 71.8 | AR68: 72 | AS68: 72 | AT68: 72.1 | AU68: 72.4 | AV68: 72.5 | AW68: 72.7 | AX68: 72.9 | AY68: 72.8 | AZ68: 72.8 | BA68: 73 | BB68: 73 | BC68: 73 | BD68: 73 | BE68: 73.2 | BF68: 73.3
B69: 42095 | C69: 70.4 | D69: 70.6 | E69: 70.6 | F69: 70.7 | G69: 70.5 | H69: 70.3 | I69: 70.4 | J69: 70.5 | K69: 70.6 | L69: 70.5 | M69: 70.5 | N69: 70.5 | O69: 70.5 | P69: 70.2 | Q69: 70.2 | R69: 70.1 | S69: 70.1 | T69: 70.1 | U69: 70.2 | V69: 70.3 | W69: 70.3 | X69: 70.5 | Y69: 70.5 | Z69: 70.7 | AA69: 70.9 | AB69: 71.1 | AC69: 71.2 | AD69: 71.1 | AE69: 71 | AF69: 71.3 | AG69: 71.4 | AH69: 71.4 | AI69: 71.2 | AJ69: 71.2 | AK69: 71.2 | AL69: 71.2 | AM69: 71.3 | AN69: 71.5 | AO69: 71.5 | AP69: 71.6 | AQ69: 71.8 | AR69: 72 | AS69: 72 | AT69: 72.1 | AU69: 72.4 | AV69: 72.5 | AW69: 72.7 | AX69: 72.9 | AY69: 72.8 | AZ69: 72.8 | BA69: 73 | BB69: 73 | BC69: 73 | BD69: 73 | BE69: 73.2 | BF69: 73.3 | BG69: 73.4
B70: 42125 | C70: 70.4 | D70: 70.6 | E70: 70.6 | F70: 70.7 | G70: 70.5 | H70: 70.3 | I70: 70.4 | J70: 70.5 | K70: 70.6 | L70: 70.5 | M70: 70.5 | N70: 70.5 | O70: 70.5 | P70: 70.2 | Q70: 70.2 | R70: 70.1 | S70: 70.1 | T70: 70.1 | U70: 70.2 | V70: 70.3 | W70: 70.3 | X70: 70.5 | Y70: 70.5 | Z70: 70.7 | AA70: 70.9 | AB70: 71.1 | AC70: 71.2 | AD70: 71.1 | AE70: 71 | AF70: 71.3 | AG70: 71.4 | AH70: 71.4 | AI70: 71.2 | AJ70: 71.2 | AK70: 71.2 | AL70: 71.2 | AM70: 71.3 | AN70: 71.5 | AO70: 71.5 | AP70: 71.6 | AQ70: 71.8 | AR70: 72 | AS70: 72 | AT70: 72.1 | AU70: 72.4 | AV70: 72.5 | AW70: 72.7 | AX70: 72.9 | AY70: 72.8 | AZ70: 72.8 | BA70: 73 | BB70: 73 | BC70: 73 | BD70: 73 | BE70: 73.2 | BF70: 73.3 | BG70: 73.4 | BH70: 73.5
B71: 42156 | C71: 70.4 | D71: 70.6 | E71: 70.6 | F71: 70.7 | G71: 70.5 | H71: 70.3 | I71: 70.4 | J71: 70.5 | K71: 70.6 | L71: 70.5 | M71: 70.5 | N71: 70.5 | O71: 70.5 | P71: 70.2 | Q71: 70.2 | R71: 70.1 | S71: 70.1 | T71: 70.1 | U71: 70.2 | V71: 70.3 | W71: 70.3 | X71: 70.5 | Y71: 70.5 | Z71: 70.7 | AA71: 70.9 | AB71: 71.1 | AC71: 71.2 | AD71: 71.1 | AE71: 71 | AF71: 71.3 | AG71: 71.4 | AH71: 71.4 | AI71: 71.2 | AJ71: 71.2 | AK71: 71.2 | AL71: 71.2 | AM71: 71.3 | AN71: 71.5 | AO71: 71.5 | AP71: 71.6 | AQ71: 71.8 | AR71: 72 | AS71: 72 | AT71: 72.1 | AU71: 72.4 | AV71: 72.5 | AW71: 72.7 | AX71: 72.9 | AY71: 72.8 | AZ71: 72.8 | BA71: 73 | BB71: 73 | BC71: 73 | BD71: 73 | BE71: 73.2 | BF71: 73.3 | BG71: 73.4 | BH71: 73.5 | BI71: 73.4
B72: 42186 | C72: 70.4 | D72: 70.6 | E72: 70.6 | F72: 70.7 | G72: 70.5 | H72: 70.3 | I72: 70.4 | J72: 70.5 | K72: 70.6 | L72: 70.5 | M72: 70.5 | N72: 70.5 | O72: 70.5 | P72: 70.2 | Q72: 70.2 | R72: 70.1 | S72: 70.1 | T72: 70.1 | U72: 70.2 | V72: 70.3 | W72: 70.3 | X72: 70.5 | Y72: 70.5 | Z72: 70.7 | AA72: 70.9 | AB72: 71.1 | AC72: 71.2 | AD72: 71.1 | AE72: 71 | AF72: 71.3 | AG72: 71.4 | AH72: 71.4 | AI72: 71.2 | AJ72: 71.2 | AK72: 71.2 | AL72: 71.2 | AM72: 71.3 | AN72: 71.5 | AO72: 71.5 | AP72: 71.6 | AQ72: 71.8 | AR72: 72 | AS72: 72 | AT72: 72.1 | AU72: 72.4 | AV72: 72.5 | AW72: 72.7 | AX72: 72.9 | AY72: 72.8 | AZ72: 72.8 | BA72: 73 | BB72: 73 | BC72: 73 | BD72: 73 | BE72: 73.2 | BF72: 73.3 | BG72: 73.4 | BH72: 73.5 | BI72: 73.4 | BJ72: 73.3
B73: 42217 | C73: 70.4 | D73: 70.6 | E73: 70.6 | F73: 70.7 | G73: 70.5 | H73: 70.3 | I73: 70.4 | J73: 70.5 | K73: 70.6 | L73: 70.5 | M73: 70.5 | N73: 70.5 | O73: 70.5 | P73: 70.2 | Q73: 70.2 | R73: 70.1 | S73: 70.1 | T73: 70.1 | U73: 70.2 | V73: 70.3 | W73: 70.3 | X73: 70.5 | Y73: 70.5 | Z73: 70.7 | AA73: 70.9 | AB73: 71.1 | AC73: 71.2 | AD73: 71.1 | AE73: 71 | AF73: 71.3 | AG73: 71.4 | AH73: 71.4 | AI73: 71.2 | AJ73: 71.2 | AK73: 71.2 | AL73: 71.2 | AM73: 71.3 | AN73: 71.5 | AO73: 71.5 | AP73: 71.6 | AQ73: 71.8 | AR73: 72 | AS73: 72 | AT73: 72.1 | AU73: 72.4 | AV73: 72.5 | AW73: 72.7 | AX73: 72.9 | AY73: 72.8 | AZ73: 72.8 | BA73: 73 | BB73: 73 | BC73: 73 | BD73: 73 | BE73: 73.2 | BF73: 73.3 | BG73: 73.4 | BH73: 73.5 | BI73: 73.4 | BJ73: 73.3 | BK73: 73.4
B74: 42248 | C74: 70.4 | D74: 70.6 | E74: 70.6 | F74: 70.7 | G74: 70.5 | H74: 70.3 | I74: 70.4 | J74: 70.5 | K74: 70.6 | L74: 70.5 | M74: 70.5 | N74: 70.5 | O74: 70.5 | P74: 70.2 | Q74: 70.2 | R74: 70.1 | S74: 70.1 | T74: 70.1 | U74: 70.2 | V74: 70.3 | W74: 70.3 | X74: 70.5 | Y74: 70.5 | Z74: 70.7 | AA74: 70.9 | AB74: 71.1 | AC74: 71.2 | AD74: 71.1 | AE74: 71 | AF74: 71.3 | AG74: 71.4 | AH74: 71.4 | AI74: 71.2 | AJ74: 71.2 | AK74: 71.2 | AL74: 71.2 | AM74: 71.3 | AN74: 71.5 | AO74: 71.5 | AP74: 71.6 | AQ74: 71.8 | AR74: 72 | AS74: 72 | AT74: 72.1 | AU74: 72.4 | AV74: 72.5 | AW74: 72.7 | AX74: 72.9 | AY74: 72.8 | AZ74: 72.8 | BA74: 73 | BB74: 73 | BC74: 73 | BD74: 73 | BE74: 73.2 | BF74: 73.3 | BG74: 73.4 | BH74: 73.5 | BI74: 73.4 | BJ74: 73.3 | BK74: 73.4 | BL74: 73.5
B75: 42278 | C75: 70.4 | D75: 70.6 | E75: 70.6 | F75: 70.7 | G75: 70.5 | H75: 70.3 | I75: 70.4 | J75: 70.5 | K75: 70.6 | L75: 70.5 | M75: 70.5 | N75: 70.5 | O75: 70.5 | P75: 70.2 | Q75: 70.2 | R75: 70.1 | S75: 70.1 | T75: 70.1 | U75: 70.2 | V75: 70.3 | W75: 70.3 | X75: 70.5 | Y75: 70.5 | Z75: 70.7 | AA75: 70.9 | AB75: 71.1 | AC75: 71.2 | AD75: 71.1 | AE75: 71 | AF75: 71.3 | AG75: 71.4 | AH75: 71.4 | AI75: 71.2 | AJ75: 71.2 | AK75: 71.2 | AL75: 71.2 | AM75: 71.3 | AN75: 71.5 | AO75: 71.5 | AP75: 71.6 | AQ75: 71.8 | AR75: 72 | AS75: 72 | AT75: 72.1 | AU75: 72.4 | AV75: 72.5 | AW75: 72.7 | AX75: 72.9 | AY75: 72.8 | AZ75: 72.8 | BA75: 73 | BB75: 73 | BC75: 73 | BD75: 73 | BE75: 73.2 | BF75: 73.3 | BG75: 73.4 | BH75: 73.5 | BI75: 73.4 | BJ75: 73.3 | BK75: 73.4 | BL75: 73.5 | BM75: 73.6
B76: 42309 | C76: 70.4 | D76: 70.6 | E76: 70.6 | F76: 70.7 | G76: 70.5 | H76: 70.3 | I76: 70.4 | J76: 70.5 | K76: 70.6 | L76: 70.5 | M76: 70.5 | N76: 70.5 | O76: 70.5 | P76: 70.2 | Q76: 70.2 | R76: 70.1 | S76: 70.1 | T76: 70.1 | U76: 70.2 | V76: 70.3 | W76: 70.3 | X76: 70.5 | Y76: 70.5 | Z76: 70.7 | AA76: 70.9 | AB76: 71.1 | AC76: 71.2 | AD76: 71.1 | AE76: 71 | AF76: 71.3 | AG76: 71.4 | AH76: 71.4 | AI76: 71.2 | AJ76: 71.2 | AK76: 71.2 | AL76: 71.2 | AM76: 71.3 | AN76: 71.5 | AO76: 71.5 | AP76: 71.6 | AQ76: 71.8 | AR76: 72 | AS76: 72 | AT76: 72.1 | AU76: 72.4 | AV76: 72.5 | AW76: 72.7 | AX76: 72.9 | AY76: 72.8 | AZ76: 72.8 | BA76: 73 | BB76: 73 | BC76: 73 | BD76: 73 | BE76: 73.2 | BF76: 73.3 | BG76: 73.4 | BH76: 73.5 | BI76: 73.4 | BJ76: 73.3 | BK76: 73.4 | BL76: 73.5 | BM76: 73.6 | BN76: 73.7
B77: 42339 | C77: 70.4 | D77: 70.6 | E77: 70.6 | F77: 70.7 | G77: 70.5 | H77: 70.3 | I77: 70.4 | J77: 70.5 | K77: 70.6 | L77: 70.5 | M77: 70.5 | N77: 70.5 | O77: 70.5 | P77: 70.2 | Q77: 70.2 | R77: 70.1 | S77: 70.1 | T77: 70.1 | U77: 70.2 | V77: 70.3 | W77: 70.3 | X77: 70.5 | Y77: 70.5 | Z77: 70.7 | AA77: 70.9 | AB77: 71.1 | AC77: 71.2 | AD77: 71.1 | AE77: 71 | AF77: 71.3 | AG77: 71.4 | AH77: 71.4 | AI77: 71.2 | AJ77: 71.2 | AK77: 71.2 | AL77: 71.2 | AM77: 71.3 | AN77: 71.5 | AO77: 71.5 | AP77: 71.6 | AQ77: 71.8 | AR77: 72 | AS77: 72 | AT77: 72.1 | AU77: 72.4 | AV77: 72.5 | AW77: 72.7 | AX77: 72.9 | AY77: 72.8 | AZ77: 72.8 | BA77: 73 | BB77: 73 | BC77: 73 | BD77: 73 | BE77: 73.2 | BF77: 73.3 | BG77: 73.4 | BH77: 73.5 | BI77: 73.4 | BJ77: 73.3 | BK77: 73.4 | BL77: 73.5 | BM77: 73.6 | BN77: 73.7 | BO77: 73.9
B78: 42370 | C78: 70.4 | D78: 70.6 | E78: 70.6 | F78: 70.7 | G78: 70.5 | H78: 70.3 | I78: 70.4 | J78: 70.5 | K78: 70.6 | L78: 70.5 | M78: 70.5 | N78: 70.5 | O78: 70.5 | P78: 70.2 | Q78: 70.2 | R78: 70.1 | S78: 70.1 | T78: 70.1 | U78: 70.2 | V78: 70.3 | W78: 70.3 | X78: 70.5 | Y78: 70.5 | Z78: 70.7 | AA78: 70.9 | AB78: 71.1 | AC78: 71.2 | AD78: 71.1 | AE78: 71 | AF78: 71.3 | AG78: 71.4 | AH78: 71.4 | AI78: 71.2 | AJ78: 71.2 | AK78: 71.2 | AL78: 71.2 | AM78: 71.3 | AN78: 71.5 | AO78: 71.5 | AP78: 71.6 | AQ78: 71.8 | AR78: 72 | AS78: 72 | AT78: 72.1 | AU78: 72.4 | AV78: 72.5 | AW78: 72.7 | AX78: 72.9 | AY78: 72.8 | AZ78: 72.8 | BA78: 73 | BB78: 73 | BC78: 73 | BD78: 73 | BE78: 73.2 | BF78: 73.3 | BG78: 73.4 | BH78: 73.5 | BI78: 73.4 | BJ78: 73.3 | BK78: 73.4 | BL78: 73.5 | BM78: 73.6 | BN78: 73.7 | BO78: 73.9 | BP78: 74
B79: 42401 | C79: 70.4 | D79: 70.6 | E79: 70.6 | F79: 70.7 | G79: 70.5 | H79: 70.3 | I79: 70.4 | J79: 70.5 | K79: 70.6 | L79: 70.5 | M79: 70.5 | N79: 70.5 | O79: 70.5 | P79: 70.2 | Q79: 70.2 | R79: 70.1 | S79: 70.1 | T79: 70.1 | U79: 70.2 | V79: 70.3 | W79: 70.3 | X79: 70.5 | Y79: 70.5 | Z79: 70.7 | AA79: 70.9 | AB79: 71.1 | AC79: 71.2 | AD79: 71.1 | AE79: 71 | AF79: 71.3 | AG79: 71.4 | AH79: 71.4 | AI79: 71.2 | AJ79: 71.2 | AK79: 71.2 | AL79: 71.2 | AM79: 71.3 | AN79: 71.5 | AO79: 71.5 | AP79: 71.6 | AQ79: 71.8 | AR79: 72 | AS79: 72 | AT79: 72.1 | AU79: 72.4 | AV79: 72.5 | AW79: 72.7 | AX79: 72.9 | AY79: 72.8 | AZ79: 72.8 | BA79: 73 | BB79: 73 | BC79: 73 | BD79: 73 | BE79: 73.2 | BF79: 73.3 | BG79: 73.4 | BH79: 73.5 | BI79: 73.4 | BJ79: 73.3 | BK79: 73.4 | BL79: 73.5 | BM79: 73.6 | BN79: 73.7 | BO79: 73.9 | BP79: 74 | BQ79: 74.1
B80: 42430 | C80: 70.4 | D80: 70.6 | E80: 70.6 | F80: 70.7 | G80: 70.5 | H80: 70.3 | I80: 70.4 | J80: 70.5 | K80: 70.6 | L80: 70.5 | M80: 70.5 | N80: 70.5 | O80: 70.5 | P80: 70.2 | Q80: 70.2 | R80: 70.1 | S80: 70.1 | T80: 70.1 | U80: 70.2 | V80: 70.3 | W80: 70.3 | X80: 70.5 | Y80: 70.5 | Z80: 70.7 | AA80: 70.9 | AB80: 71.1 | AC80: 71.2 | AD80: 71.1 | AE80: 71 | AF80: 71.3 | AG80: 71.4 | AH80: 71.4 | AI80: 71.2 | AJ80: 71.2 | AK80: 71.2 | AL80: 71.2 | AM80: 71.3 | AN80: 71.5 | AO80: 71.5 | AP80: 71.6 | AQ80: 71.8 | AR80: 72 | AS80: 72 | AT80: 72.1 | AU80: 72.4 | AV80: 72.5 | AW80: 72.7 | AX80: 72.9 | AY80: 72.8 | AZ80: 72.8 | BA80: 73 | BB80: 73 | BC80: 73 | BD80: 73 | BE80: 73.2 | BF80: 73.3 | BG80: 73.4 | BH80: 73.5 | BI80: 73.4 | BJ80: 73.3 | BK80: 73.4 | BL80: 73.5 | BM80: 73.6 | BN80: 73.7 | BO80: 73.9 | BP80: 74 | BQ80: 74.1 | BR80: 74.1
B81: 42461 | C81: 70.4 | D81: 70.6 | E81: 70.6 | F81: 70.7 | G81: 70.5 | H81: 70.3 | I81: 70.4 | J81: 70.5 | K81: 70.6 | L81: 70.5 | M81: 70.5 | N81: 70.5 | O81: 70.5 | P81: 70.2 | Q81: 70.2 | R81: 70.1 | S81: 70.1 | T81: 70.1 | U81: 70.2 | V81: 70.3 | W81: 70.3 | X81: 70.5 | Y81: 70.5 | Z81: 70.7 | AA81: 70.9 | AB81: 71.1 | AC81: 71.2 | AD81: 71.1 | AE81: 71 | AF81: 71.3 | AG81: 71.4 | AH81: 71.4 | AI81: 71.2 | AJ81: 71.2 | AK81: 71.2 | AL81: 71.2 | AM81: 71.3 | AN81: 71.5 | AO81: 71.5 | AP81: 71.6 | AQ81: 71.8 | AR81: 72 | AS81: 72 | AT81: 72.1 | AU81: 72.4 | AV81: 72.5 | AW81: 72.7 | AX81: 72.9 | AY81: 72.8 | AZ81: 72.8 | BA81: 73 | BB81: 73 | BC81: 73 | BD81: 73 | BE81: 73.2 | BF81: 73.3 | BG81: 73.4 | BH81: 73.5 | BI81: 73.4 | BJ81: 73.3 | BK81: 73.4 | BL81: 73.5 | BM81: 73.6 | BN81: 73.7 | BO81: 73.9 | BP81: 74 | BQ81: 74.1 | BR81: 74.1 | BS81: 74.1
B82: 42491 | C82: 70.4 | D82: 70.6 | E82: 70.6 | F82: 70.7 | G82: 70.5 | H82: 70.3 | I82: 70.4 | J82: 70.5 | K82: 70.6 | L82: 70.5 | M82: 70.5 | N82: 70.5 | O82: 70.5 | P82: 70.2 | Q82: 70.2 | R82: 70.1 | S82: 70.1 | T82: 70.1 | U82: 70.2 | V82: 70.3 | W82: 70.3 | X82: 70.5 | Y82: 70.5 | Z82: 70.7 | AA82: 70.9 | AB82: 71.1 | AC82: 71.2 | AD82: 71.1 | AE82: 71.1 | AF82: 71.3 | AG82: 71.4 | AH82: 71.3 | AI82: 71.2 | AJ82: 71.2 | AK82: 71.2 | AL82: 71.2 | AM82: 71.3 | AN82: 71.5 | AO82: 71.5 | AP82: 71.6 | AQ82: 71.9 | AR82: 72 | AS82: 72 | AT82: 72.1 | AU82: 72.4 | AV82: 72.5 | AW82: 72.7 | AX82: 72.9 | AY82: 72.9 | AZ82: 72.8 | BA82: 73 | BB82: 73 | BC82: 73 | BD82: 73 | BE82: 73.2 | BF82: 73.3 | BG82: 73.4 | BH82: 73.5 | BI82: 73.4 | BJ82: 73.4 | BK82: 73.4 | BL82: 73.5 | BM82: 73.6 | BN82: 73.8 | BO82: 73.9 | BP82: 74 | BQ82: 74.1 | BR82: 74.1 | BS82: 74.1 | BT82: 74.2
B83: 42522 | C83: 70.4 | D83: 70.6 | E83: 70.6 | F83: 70.7 | G83: 70.5 | H83: 70.3 | I83: 70.4 | J83: 70.5 | K83: 70.6 | L83: 70.5 | M83: 70.5 | N83: 70.5 | O83: 70.5 | P83: 70.2 | Q83: 70.2 | R83: 70.1 | S83: 70.1 | T83: 70.1 | U83: 70.2 | V83: 70.3 | W83: 70.3 | X83: 70.5 | Y83: 70.5 | Z83: 70.7 | AA83: 70.9 | AB83: 71.1 | AC83: 71.2 | AD83: 71.1 | AE83: 71.1 | AF83: 71.3 | AG83: 71.4 | AH83: 71.3 | AI83: 71.2 | AJ83: 71.2 | AK83: 71.2 | AL83: 71.2 | AM83: 71.3 | AN83: 71.5 | AO83: 71.5 | AP83: 71.6 | AQ83: 71.9 | AR83: 72 | AS83: 72 | AT83: 72.1 | AU83: 72.4 | AV83: 72.5 | AW83: 72.7 | AX83: 72.9 | AY83: 72.9 | AZ83: 72.8 | BA83: 73 | BB83: 73 | BC83: 73 | BD83: 73 | BE83: 73.2 | BF83: 73.3 | BG83: 73.4 | BH83: 73.5 | BI83: 73.4 | BJ83: 73.4 | BK83: 73.4 | BL83: 73.5 | BM83: 73.6 | BN83: 73.8 | BO83: 73.9 | BP83: 74 | BQ83: 74.1 | BR83: 74.1 | BS83: 74.1 | BT83: 74.2 | BU83: 74.2
B84: 42552 | C84: 70.4 | D84: 70.6 | E84: 70.6 | F84: 70.7 | G84: 70.5 | H84: 70.3 | I84: 70.4 | J84: 70.5 | K84: 70.6 | L84: 70.5 | M84: 70.5 | N84: 70.5 | O84: 70.5 | P84: 70.2 | Q84: 70.2 | R84: 70.1 | S84: 70.1 | T84: 70.1 | U84: 70.2 | V84: 70.3 | W84: 70.3 | X84: 70.5 | Y84: 70.5 | Z84: 70.7 | AA84: 70.9 | AB84: 71.1 | AC84: 71.2 | AD84: 71.1 | AE84: 71.1 | AF84: 71.3 | AG84: 71.4 | AH84: 71.3 | AI84: 71.2 | AJ84: 71.2 | AK84: 71.2 | AL84: 71.2 | AM84: 71.3 | AN84: 71.5 | AO84: 71.5 | AP84: 71.6 | AQ84: 71.9 | AR84: 72 | AS84: 72 | AT84: 72.1 | AU84: 72.4 | AV84: 72.5 | AW84: 72.7 | AX84: 72.9 | AY84: 72.9 | AZ84: 72.8 | BA84: 73 | BB84: 73 | BC84: 73 | BD84: 73 | BE84: 73.2 | BF84: 73.3 | BG84: 73.4 | BH84: 73.5 | BI84: 73.4 | BJ84: 73.4 | BK84: 73.4 | BL84: 73.5 | BM84: 73.6 | BN84: 73.8 | BO84: 73.9 | BP84: 74 | BQ84: 74.1 | BR84: 74.1 | BS84: 74.1 | BT84: 74.2 | BU84: 74.2 | BV84: 74.4
B85: 42583 | C85: 70.4 | D85: 70.6 | E85: 70.6 | F85: 70.7 | G85: 70.5 | H85: 70.3 | I85: 70.4 | J85: 70.5 | K85: 70.6 | L85: 70.5 | M85: 70.5 | N85: 70.5 | O85: 70.5 | P85: 70.2 | Q85: 70.2 | R85: 70.1 | S85: 70.1 | T85: 70.1 | U85: 70.2 | V85: 70.3 | W85: 70.3 | X85: 70.5 | Y85: 70.5 | Z85: 70.7 | AA85: 70.9 | AB85: 71.1 | AC85: 71.2 | AD85: 71.1 | AE85: 71.1 | AF85: 71.3 | AG85: 71.4 | AH85: 71.3 | AI85: 71.2 | AJ85: 71.2 | AK85: 71.2 | AL85: 71.2 | AM85: 71.3 | AN85: 71.5 | AO85: 71.5 | AP85: 71.6 | AQ85: 71.9 | AR85: 72 | AS85: 72 | AT85: 72.1 | AU85: 72.4 | AV85: 72.5 | AW85: 72.7 | AX85: 72.9 | AY85: 72.9 | AZ85: 72.8 | BA85: 73 | BB85: 73 | BC85: 73 | BD85: 73 | BE85: 73.2 | BF85: 73.3 | BG85: 73.4 | BH85: 73.5 | BI85: 73.4 | BJ85: 73.4 | BK85: 73.4 | BL85: 73.5 | BM85: 73.6 | BN85: 73.8 | BO85: 73.9 | BP85: 74 | BQ85: 74.1 | BR85: 74.1 | BS85: 74.1 | BT85: 74.2 | BU85: 74.2 | BV85: 74.4 | BW85: 74.5
B86: 42614 | C86: 70.4 | D86: 70.6 | E86: 70.6 | F86: 70.7 | G86: 70.5 | H86: 70.3 | I86: 70.4 | J86: 70.5 | K86: 70.6 | L86: 70.5 | M86: 70.5 | N86: 70.5 | O86: 70.5 | P86: 70.2 | Q86: 70.2 | R86: 70.1 | S86: 70.1 | T86: 70.1 | U86: 70.2 | V86: 70.3 | W86: 70.3 | X86: 70.5 | Y86: 70.5 | Z86: 70.7 | AA86: 70.9 | AB86: 71.1 | AC86: 71.2 | AD86: 71.1 | AE86: 71.1 | AF86: 71.3 | AG86: 71.4 | AH86: 71.3 | AI86: 71.2 | AJ86: 71.2 | AK86: 71.2 | AL86: 71.2 | AM86: 71.3 | AN86: 71.5 | AO86: 71.5 | AP86: 71.6 | AQ86: 71.9 | AR86: 72 | AS86: 72 | AT86: 72.1 | AU86: 72.4 | AV86: 72.5 | AW86: 72.7 | AX86: 72.9 | AY86: 72.9 | AZ86: 72.8 | BA86: 73 | BB86: 73 | BC86: 73 | BD86: 73 | BE86: 73.2 | BF86: 73.3 | BG86: 73.4 | BH86: 73.5 | BI86: 73.4 | BJ86: 73.4 | BK86: 73.4 | BL86: 73.5 | BM86: 73.6 | BN86: 73.8 | BO86: 73.9 | BP86: 74 | BQ86: 74.1 | BR86: 74.1 | BS86: 74.1 | BT86: 74.2 | BU86: 74.2 | BV86: 74.4 | BW86: 74.5 | BX86: 74.5
B87: 42644 | C87: 70.4 | D87: 70.6 | E87: 70.6 | F87: 70.7 | G87: 70.5 | H87: 70.3 | I87: 70.4 | J87: 70.5 | K87: 70.6 | L87: 70.5 | M87: 70.5 | N87: 70.5 | O87: 70.5 | P87: 70.2 | Q87: 70.2 | R87: 70.1 | S87: 70.1 | T87: 70.1 | U87: 70.2 | V87: 70.3 | W87: 70.3 | X87: 70.5 | Y87: 70.5 | Z87: 70.7 | AA87: 70.9 | AB87: 71.1 | AC87: 71.2 | AD87: 71.1 | AE87: 71.1 | AF87: 71.3 | AG87: 71.4 | AH87: 71.3 | AI87: 71.2 | AJ87: 71.2 | AK87: 71.2 | AL87: 71.2 | AM87: 71.3 | AN87: 71.5 | AO87: 71.5 | AP87: 71.6 | AQ87: 71.9 | AR87: 72 | AS87: 72 | AT87: 72.1 | AU87: 72.4 | AV87: 72.5 | AW87: 72.7 | AX87: 72.9 | AY87: 72.9 | AZ87: 72.8 | BA87: 73 | BB87: 73 | BC87: 73 | BD87: 73 | BE87: 73.2 | BF87: 73.3 | BG87: 73.4 | BH87: 73.5 | BI87: 73.4 | BJ87: 73.4 | BK87: 73.4 | BL87: 73.5 | BM87: 73.6 | BN87: 73.8 | BO87: 73.9 | BP87: 74 | BQ87: 74.1 | BR87: 74.1 | BS87: 74.1 | BT87: 74.2 | BU87: 74.2 | BV87: 74.4 | BW87: 74.5 | BX87: 74.5 | BY87: 74.5
B88: 42675 | C88: 70.4 | D88: 70.6 | E88: 70.6 | F88: 70.7 | G88: 70.5 | H88: 70.3 | I88: 70.4 | J88: 70.5 | K88: 70.6 | L88: 70.5 | M88: 70.5 | N88: 70.5 | O88: 70.5 | P88: 70.2 | Q88: 70.2 | R88: 70.1 | S88: 70.1 | T88: 70.1 | U88: 70.2 | V88: 70.3 | W88: 70.3 | X88: 70.5 | Y88: 70.5 | Z88: 70.7 | AA88: 70.9 | AB88: 71.1 | AC88: 71.2 | AD88: 71.1 | AE88: 71.1 | AF88: 71.3 | AG88: 71.4 | AH88: 71.3 | AI88: 71.2 | AJ88: 71.2 | AK88: 71.2 | AL88: 71.2 | AM88: 71.3 | AN88: 71.5 | AO88: 71.5 | AP88: 71.6 | AQ88: 71.9 | AR88: 72 | AS88: 72 | AT88: 72.1 | AU88: 72.4 | AV88: 72.5 | AW88: 72.7 | AX88: 72.9 | AY88: 72.9 | AZ88: 72.8 | BA88: 73 | BB88: 73 | BC88: 73 | BD88: 73 | BE88: 73.2 | BF88: 73.3 | BG88: 73.4 | BH88: 73.5 | BI88: 73.4 | BJ88: 73.4 | BK88: 73.4 | BL88: 73.5 | BM88: 73.6 | BN88: 73.8 | BO88: 73.9 | BP88: 74 | BQ88: 74.1 | BR88: 74.1 | BS88: 74.1 | BT88: 74.2 | BU88: 74.2 | BV88: 74.4 | BW88: 74.5 | BX88: 74.5 | BY88: 74.5 | BZ88: 74.5
B89: 42705 | C89: 70.4 | D89: 70.6 | E89: 70.6 | F89: 70.7 | G89: 70.5 | H89: 70.3 | I89: 70.4 | J89: 70.5 | K89: 70.6 | L89: 70.5 | M89: 70.5 | N89: 70.5 | O89: 70.5 | P89: 70.2 | Q89: 70.2 | R89: 70.1 | S89: 70.1 | T89: 70.1 | U89: 70.2 | V89: 70.3 | W89: 70.3 | X89: 70.5 | Y89: 70.5 | Z89: 70.7 | AA89: 70.9 | AB89: 71.1 | AC89: 71.2 | AD89: 71.1 | AE89: 71.1 | AF89: 71.3 | AG89: 71.4 | AH89: 71.3 | AI89: 71.2 | AJ89: 71.2 | AK89: 71.2 | AL89: 71.2 | AM89: 71.3 | AN89: 71.5 | AO89: 71.5 | AP89: 71.6 | AQ89: 71.9 | AR89: 72 | AS89: 72 | AT89: 72.1 | AU89: 72.4 | AV89: 72.5 | AW89: 72.7 | AX89: 72.9 | AY89: 72.9 | AZ89: 72.8 | BA89: 73 | BB89: 73 | BC89: 73 | BD89: 73 | BE89: 73.2 | BF89: 73.3 | BG89: 73.4 | BH89: 73.5 | BI89: 73.4 | BJ89: 73.4 | BK89: 73.4 | BL89: 73.5 | BM89: 73.6 | BN89: 73.8 | BO89: 73.9 | BP89: 74 | BQ89: 74.1 | BR89: 74.1 | BS89: 74.1 | BT89: 74.2 | BU89: 74.2 | BV89: 74.4 | BW89: 74.5 | BX89: 74.5 | BY89: 74.5 | BZ89: 74.5 | CA89: 74.4
B90: 42736 | C90: 70.4 | D90: 70.6 | E90: 70.6 | F90: 70.7 | G90: 70.5 | H90: 70.3 | I90: 70.4 | J90: 70.5 | K90: 70.6 | L90: 70.5 | M90: 70.5 | N90: 70.5 | O90: 70.5 | P90: 70.2 | Q90: 70.2 | R90: 70.1 | S90: 70.1 | T90: 70.1 | U90: 70.2 | V90: 70.3 | W90: 70.3 | X90: 70.5 | Y90: 70.5 | Z90: 70.7 | AA90: 70.9 | AB90: 71.1 | AC90: 71.2 | AD90: 71.1 | AE90: 71.1 | AF90: 71.3 | AG90: 71.4 | AH90: 71.3 | AI90: 71.2 | AJ90: 71.2 | AK90: 71.2 | AL90: 71.2 | AM90: 71.3 | AN90: 71.5 | AO90: 71.5 | AP90: 71.6 | AQ90: 71.9 | AR90: 72 | AS90: 72 | AT90: 72.1 | AU90: 72.4 | AV90: 72.5 | AW90: 72.7 | AX90: 72.9 | AY90: 72.9 | AZ90: 72.8 | BA90: 73 | BB90: 73 | BC90: 73 | BD90: 73 | BE90: 73.2 | BF90: 73.3 | BG90: 73.4 | BH90: 73.5 | BI90: 73.4 | BJ90: 73.4 | BK90: 73.4 | BL90: 73.5 | BM90: 73.6 | BN90: 73.8 | BO90: 73.9 | BP90: 74 | BQ90: 74.1 | BR90: 74.1 | BS90: 74.1 | BT90: 74.2 | BU90: 74.2 | BV90: 74.4 | BW90: 74.5 | BX90: 74.5 | BY90: 74.5 | BZ90: 74.5 | CA90: 74.4 | CB90: 74.5
B91: 42767 | C91: 70.4 | D91: 70.6 | E91: 70.6 | F91: 70.7 | G91: 70.5 | H91: 70.3 | I91: 70.4 | J91: 70.5 | K91: 70.6 | L91: 70.5 | M91: 70.5 | N91: 70.5 | O91: 70.5 | P91: 70.2 | Q91: 70.2 | R91: 70.1 | S91: 70.1 | T91: 70.1 | U91: 70.2 | V91: 70.3 | W91: 70.3 | X91: 70.5 | Y91: 70.5 | Z91: 70.7 | AA91: 70.9 | AB91: 71.1 | AC91: 71.2 | AD91: 71.1 | AE91: 71.1 | AF91: 71.3 | AG91: 71.4 | AH91: 71.3 | AI91: 71.2 | AJ91: 71.2 | AK91: 71.2 | AL91: 71.2 | AM91: 71.3 | AN91: 71.5 | AO91: 71.5 | AP91: 71.6 | AQ91: 71.9 | AR91: 72 | AS91: 72 | AT91: 72.1 | AU91: 72.4 | AV91: 72.5 | AW91: 72.7 | AX91: 72.9 | AY91: 72.9 | AZ91: 72.8 | BA91: 73 | BB91: 73 | BC91: 73 | BD91: 73 | BE91: 73.2 | BF91: 73.3 | BG91: 73.4 | BH91: 73.5 | BI91: 73.4 | BJ91: 73.4 | BK91: 73.4 | BL91: 73.5 | BM91: 73.6 | BN91: 73.8 | BO91: 73.9 | BP91: 74 | BQ91: 74.1 | BR91: 74.1 | BS91: 74.1 | BT91: 74.2 | BU91: 74.2 | BV91: 74.4 | BW91: 74.5 | BX91: 74.5 | BY91: 74.5 | BZ91: 74.5 | CA91: 74.4 | CB91: 74.5 | CC91: 74.6
B92: 42795 | C92: 70.4 | D92: 70.6 | E92: 70.6 | F92: 70.7 | G92: 70.5 | H92: 70.3 | I92: 70.4 | J92: 70.5 | K92: 70.6 | L92: 70.5 | M92: 70.5 | N92: 70.5 | O92: 70.5 | P92: 70.2 | Q92: 70.2 | R92: 70.1 | S92: 70.1 | T92: 70.1 | U92: 70.2 | V92: 70.3 | W92: 70.3 | X92: 70.5 | Y92: 70.5 | Z92: 70.7 | AA92: 70.9 | AB92: 71.1 | AC92: 71.2 | AD92: 71.1 | AE92: 71.1 | AF92: 71.3 | AG92: 71.4 | AH92: 71.3 | AI92: 71.2 | AJ92: 71.2 | AK92: 71.2 | AL92: 71.2 | AM92: 71.3 | AN92: 71.5 | AO92: 71.5 | AP92: 71.6 | AQ92: 71.9 | AR92: 72 | AS92: 72 | AT92: 72.1 | AU92: 72.4 | AV92: 72.5 | AW92: 72.7 | AX92: 72.9 | AY92: 72.9 | AZ92: 72.8 | BA92: 73 | BB92: 73 | BC92: 73 | BD92: 73 | BE92: 73.2 | BF92: 73.3 | BG92: 73.4 | BH92: 73.5 | BI92: 73.4 | BJ92: 73.4 | BK92: 73.4 | BL92: 73.5 | BM92: 73.6 | BN92: 73.8 | BO92: 73.9 | BP92: 74 | BQ92: 74.1 | BR92: 74.1 | BS92: 74.1 | BT92: 74.2 | BU92: 74.2 | BV92: 74.4 | BW92: 74.5 | BX92: 74.5 | BY92: 74.5 | BZ92: 74.5 | CA92: 74.4 | CB92: 74.5 | CC92: 74.6 | CD92: 74.6
B93: 42826 | C93: 70.4 | D93: 70.6 | E93: 70.6 | F93: 70.7 | G93: 70.5 | H93: 70.3 | I93: 70.4 | J93: 70.5 | K93: 70.6 | L93: 70.5 | M93: 70.5 | N93: 70.5 | O93: 70.5 | P93: 70.2 | Q93: 70.2 | R93: 70.1 | S93: 70.1 | T93: 70.1 | U93: 70.2 | V93: 70.3 | W93: 70.3 | X93: 70.5 | Y93: 70.5 | Z93: 70.7 | AA93: 70.9 | AB93: 71.1 | AC93: 71.2 | AD93: 71.1 | AE93: 71.1 | AF93: 71.3 | AG93: 71.4 | AH93: 71.3 | AI93: 71.2 | AJ93: 71.2 | AK93: 71.2 | AL93: 71.2 | AM93: 71.3 | AN93: 71.5 | AO93: 71.5 | AP93: 71.6 | AQ93: 71.9 | AR93: 72 | AS93: 72 | AT93: 72.1 | AU93: 72.4 | AV93: 72.5 | AW93: 72.7 | AX93: 72.9 | AY93: 72.9 | AZ93: 72.8 | BA93: 73 | BB93: 73 | BC93: 73 | BD93: 73 | BE93: 73.2 | BF93: 73.3 | BG93: 73.4 | BH93: 73.5 | BI93: 73.4 | BJ93: 73.4 | BK93: 73.4 | BL93: 73.5 | BM93: 73.6 | BN93: 73.8 | BO93: 73.9 | BP93: 74 | BQ93: 74.1 | BR93: 74.1 | BS93: 74.1 | BT93: 74.2 | BU93: 74.2 | BV93: 74.4 | BW93: 74.5 | BX93: 74.5 | BY93: 74.5 | BZ93: 74.5 | CA93: 74.4 | CB93: 74.5 | CC93: 74.6 | CD93: 74.6 | CE93: 74.6
B94: 42856 | C94: 70.4 | D94: 70.6 | E94: 70.6 | F94: 70.7 | G94: 70.5 | H94: 70.3 | I94: 70.4 | J94: 70.5 | K94: 70.6 | L94: 70.5 | M94: 70.5 | N94: 70.5 | O94: 70.5 | P94: 70.2 | Q94: 70.2 | R94: 70.1 | S94: 70.1 | T94: 70.1 | U94: 70.2 | V94: 70.3 | W94: 70.3 | X94: 70.5 | Y94: 70.5 | Z94: 70.7 | AA94: 70.9 | AB94: 71.1 | AC94: 71.2 | AD94: 71.1 | AE94: 71.1 | AF94: 71.3 | AG94: 71.4 | AH94: 71.4 | AI94: 71.2 | AJ94: 71.2 | AK94: 71.2 | AL94: 71.2 | AM94: 71.3 | AN94: 71.5 | AO94: 71.5 | AP94: 71.7 | AQ94: 71.9 | AR94: 72 | AS94: 72 | AT94: 72.1 | AU94: 72.4 | AV94: 72.5 | AW94: 72.7 | AX94: 72.9 | AY94: 72.8 | AZ94: 72.8 | BA94: 73 | BB94: 73 | BC94: 73 | BD94: 73 | BE94: 73.2 | BF94: 73.3 | BG94: 73.4 | BH94: 73.4 | BI94: 73.4 | BJ94: 73.3 | BK94: 73.4 | BL94: 73.5 | BM94: 73.6 | BN94: 73.8 | BO94: 74 | BP94: 74.1 | BQ94: 74.1 | BR94: 74.1 | BS94: 74.1 | BT94: 74.2 | BU94: 74.2 | BV94: 74.4 | BW94: 74.4 | BX94: 74.5 | BY94: 74.5 | BZ94: 74.4 | CA94: 74.4 | CB94: 74.5 | CC94: 74.6 | CD94: 74.6 | CE94: 74.6 | CF94: 74.8
B95: 42887 | C95: 70.4 | D95: 70.6 | E95: 70.6 | F95: 70.7 | G95: 70.5 | H95: 70.3 | I95: 70.4 | J95: 70.5 | K95: 70.6 | L95: 70.5 | M95: 70.5 | N95: 70.5 | O95: 70.5 | P95: 70.2 | Q95: 70.2 | R95: 70.1 | S95: 70.1 | T95: 70.1 | U95: 70.2 | V95: 70.3 | W95: 70.3 | X95: 70.5 | Y95: 70.5 | Z95: 70.7 | AA95: 70.9 | AB95: 71.1 | AC95: 71.2 | AD95: 71.1 | AE95: 71.1 | AF95: 71.3 | AG95: 71.4 | AH95: 71.4 | AI95: 71.2 | AJ95: 71.2 | AK95: 71.2 | AL95: 71.2 | AM95: 71.3 | AN95: 71.5 | AO95: 71.5 | AP95: 71.7 | AQ95: 71.9 | AR95: 72 | AS95: 72 | AT95: 72.1 | AU95: 72.4 | AV95: 72.5 | AW95: 72.7 | AX95: 72.9 | AY95: 72.8 | AZ95: 72.8 | BA95: 73 | BB95: 73 | BC95: 73 | BD95: 73 | BE95: 73.2 | BF95: 73.3 | BG95: 73.4 | BH95: 73.4 | BI95: 73.4 | BJ95: 73.3 | BK95: 73.4 | BL95: 73.5 | BM95: 73.6 | BN95: 73.8 | BO95: 74 | BP95: 74.1 | BQ95: 74.1 | BR95: 74.1 | BS95: 74.1 | BT95: 74.2 | BU95: 74.2 | BV95: 74.4 | BW95: 74.4 | BX95: 74.5 | BY95: 74.5 | BZ95: 74.4 | CA95: 74.4 | CB95: 74.5 | CC95: 74.6 | CD95: 74.6 | CE95: 74.6 | CF95: 74.8 | CG95: 74.8
B96: 42917 | C96: 70.4 | D96: 70.6 | E96: 70.6 | F96: 70.7 | G96: 70.5 | H96: 70.3 | I96: 70.4 | J96: 70.5 | K96: 70.6 | L96: 70.5 | M96: 70.5 | N96: 70.5 | O96: 70.5 | P96: 70.2 | Q96: 70.2 | R96: 70.1 | S96: 70.1 | T96: 70.1 | U96: 70.2 | V96: 70.3 | W96: 70.3 | X96: 70.5 | Y96: 70.5 | Z96: 70.7 | AA96: 70.9 | AB96: 71.1 | AC96: 71.2 | AD96: 71.1 | AE96: 71.1 | AF96: 71.3 | AG96: 71.4 | AH96: 71.4 | AI96: 71.2 | AJ96: 71.2 | AK96: 71.2 | AL96: 71.2 | AM96: 71.3 | AN96: 71.5 | AO96: 71.5 | AP96: 71.7 | AQ96: 71.9 | AR96: 72 | AS96: 72 | AT96: 72.1 | AU96: 72.4 | AV96: 72.5 | AW96: 72.7 | AX96: 72.9 | AY96: 72.8 | AZ96: 72.8 | BA96: 73 | BB96: 73 | BC96: 73 | BD96: 73 | BE96: 73.2 | BF96: 73.3 | BG96: 73.4 | BH96: 73.4 | BI96: 73.4 | BJ96: 73.3 | BK96: 73.4 | BL96: 73.5 | BM96: 73.6 | BN96: 73.8 | BO96: 74 | BP96: 74.1 | BQ96: 74.1 | BR96: 74.1 | BS96: 74.1 | BT96: 74.2 | BU96: 74.2 | BV96: 74.4 | BW96: 74.4 | BX96: 74.5 | BY96: 74.5 | BZ96: 74.4 | CA96: 74.4 | CB96: 74.5 | CC96: 74.6 | CD96: 74.6 | CE96: 74.6 | CF96: 74.8 | CG96: 74.8 | CH96: 74.9
B97: 42948 | C97: 70.4 | D97: 70.6 | E97: 70.6 | F97: 70.7 | G97: 70.5 | H97: 70.3 | I97: 70.4 | J97: 70.5 | K97: 70.6 | L97: 70.5 | M97: 70.5 | N97: 70.5 | O97: 70.5 | P97: 70.2 | Q97: 70.2 | R97: 70.1 | S97: 70.1 | T97: 70.1 | U97: 70.2 | V97: 70.3 | W97: 70.3 | X97: 70.5 | Y97: 70.5 | Z97: 70.7 | AA97: 70.9 | AB97: 71.1 | AC97: 71.2 | AD97: 71.1 | AE97: 71.1 | AF97: 71.3 | AG97: 71.4 | AH97: 71.4 | AI97: 71.2 | AJ97: 71.2 | AK97: 71.2 | AL97: 71.2 | AM97: 71.3 | AN97: 71.5 | AO97: 71.5 | AP97: 71.7 | AQ97: 71.9 | AR97: 72 | AS97: 72 | AT97: 72.1 | AU97: 72.4 | AV97: 72.5 | AW97: 72.7 | AX97: 72.9 | AY97: 72.8 | AZ97: 72.8 | BA97: 73 | BB97: 73 | BC97: 73 | BD97: 73 | BE97: 73.2 | BF97: 73.3 | BG97: 73.4 | BH97: 73.4 | BI97: 73.4 | BJ97: 73.3 | BK97: 73.4 | BL97: 73.5 | BM97: 73.6 | BN97: 73.8 | BO97: 74 | BP97: 74.1 | BQ97: 74.1 | BR97: 74.1 | BS97: 74.1 | BT97: 74.2 | BU97: 74.2 | BV97: 74.4 | BW97: 74.4 | BX97: 74.5 | BY97: 74.5 | BZ97: 74.4 | CA97: 74.4 | CB97: 74.5 | CC97: 74.6 | CD97: 74.6 | CE97: 74.6 | CF97: 74.8 | CG97: 74.8 | CH97: 74.9 | CI97: 75.1
B98: 42979 | C98: 70.4 | D98: 70.6 | E98: 70.6 | F98: 70.7 | G98: 70.5 | H98: 70.3 | I98: 70.4 | J98: 70.5 | K98: 70.6 | L98: 70.5 | M98: 70.5 | N98: 70.5 | O98: 70.5 | P98: 70.2 | Q98: 70.2 | R98: 70.1 | S98: 70.1 | T98: 70.1 | U98: 70.2 | V98: 70.3 | W98: 70.3 | X98: 70.5 | Y98: 70.5 | Z98: 70.7 | AA98: 70.9 | AB98: 71.1 | AC98: 71.2 | AD98: 71.1 | AE98: 71.1 | AF98: 71.3 | AG98: 71.4 | AH98: 71.4 | AI98: 71.2 | AJ98: 71.2 | AK98: 71.2 | AL98: 71.2 | AM98: 71.3 | AN98: 71.5 | AO98: 71.5 | AP98: 71.7 | AQ98: 71.9 | AR98: 72 | AS98: 72 | AT98: 72.1 | AU98: 72.4 | AV98: 72.5 | AW98: 72.7 | AX98: 72.9 | AY98: 72.8 | AZ98: 72.8 | BA98: 73 | BB98: 73 | BC98: 73 | BD98: 73 | BE98: 73.2 | BF98: 73.3 | BG98: 73.4 | BH98: 73.4 | BI98: 73.4 | BJ98: 73.3 | BK98: 73.4 | BL98: 73.5 | BM98: 73.6 | BN98: 73.8 | BO98: 74 | BP98: 74.1 | BQ98: 74.1 | BR98: 74.1 | BS98: 74.1 | BT98: 74.2 | BU98: 74.2 | BV98: 74.4 | BW98: 74.4 | BX98: 74.5 | BY98: 74.5 | BZ98: 74.4 | CA98: 74.4 | CB98: 74.5 | CC98: 74.6 | CD98: 74.6 | CE98: 74.6 | CF98: 74.8 | CG98: 74.8 | CH98: 74.9 | CI98: 75.1 | CJ98: 75.3
B99: 43009 | C99: 70.4 | D99: 70.6 | E99: 70.6 | F99: 70.7 | G99: 70.5 | H99: 70.3 | I99: 70.4 | J99: 70.5 | K99: 70.6 | L99: 70.5 | M99: 70.5 | N99: 70.5 | O99: 70.5 | P99: 70.2 | Q99: 70.2 | R99: 70.1 | S99: 70.1 | T99: 70.1 | U99: 70.2 | V99: 70.3 | W99: 70.3 | X99: 70.5 | Y99: 70.5 | Z99: 70.7 | AA99: 70.9 | AB99: 71.1 | AC99: 71.2 | AD99: 71.1 | AE99: 71.1 | AF99: 71.3 | AG99: 71.4 | AH99: 71.4 | AI99: 71.2 | AJ99: 71.2 | AK99: 71.2 | AL99: 71.2 | AM99: 71.3 | AN99: 71.5 | AO99: 71.5 | AP99: 71.7 | AQ99: 71.9 | AR99: 72 | AS99: 72 | AT99: 72.1 | AU99: 72.4 | AV99: 72.5 | AW99: 72.7 | AX99: 72.9 | AY99: 72.8 | AZ99: 72.8 | BA99: 73 | BB99: 73 | BC99: 73 | BD99: 73 | BE99: 73.2 | BF99: 73.3 | BG99: 73.4 | BH99: 73.4 | BI99: 73.4 | BJ99: 73.3 | BK99: 73.4 | BL99: 73.5 | BM99: 73.6 | BN99: 73.8 | BO99: 74 | BP99: 74.1 | BQ99: 74.1 | BR99: 74.1 | BS99: 74.1 | BT99: 74.2 | BU99: 74.2 | BV99: 74.4 | BW99: 74.4 | BX99: 74.5 | BY99: 74.5 | BZ99: 74.4 | CA99: 74.4 | CB99: 74.5 | CC99: 74.6 | CD99: 74.6 | CE99: 74.6 | CF99: 74.8 | CG99: 74.8 | CH99: 74.9 | CI99: 75.1 | CJ99: 75.3 | CK99: 75.1
B100: 43040 | C100: 70.4 | D100: 70.6 | E100: 70.6 | F100: 70.7 | G100: 70.5 | H100: 70.3 | I100: 70.4 | J100: 70.5 | K100: 70.6 | L100: 70.5 | M100: 70.5 | N100: 70.5 | O100: 70.5 | P100: 70.2 | Q100: 70.2 | R100: 70.1 | S100: 70.1 | T100: 70.1 | U100: 70.2 | V100: 70.3 | W100: 70.3 | X100: 70.5 | Y100: 70.5 | Z100: 70.7 | AA100: 70.9 | AB100: 71.1 | AC100: 71.2 | AD100: 71.1 | AE100: 71.1 | AF100: 71.3 | AG100: 71.4 | AH100: 71.4 | AI100: 71.2 | AJ100: 71.2 | AK100: 71.2 | AL100: 71.2 | AM100: 71.3 | AN100: 71.5 | AO100: 71.5 | AP100: 71.7 | AQ100: 71.9 | AR100: 72 | AS100: 72 | AT100: 72.1 | AU100: 72.4 | AV100: 72.5 | AW100: 72.7 | AX100: 72.9 | AY100: 72.8 | AZ100: 72.8 | BA100: 73 | BB100: 73 | BC100: 73 | BD100: 73 | BE100: 73.2 | BF100: 73.3 | BG100: 73.4 | BH100: 73.4 | BI100: 73.4 | BJ100: 73.3 | BK100: 73.4 | BL100: 73.5 | BM100: 73.6 | BN100: 73.8 | BO100: 74 | BP100: 74.1 | BQ100: 74.1 | BR100: 74.1 | BS100: 74.1 | BT100: 74.2 | BU100: 74.2 | BV100: 74.4 | BW100: 74.4 | BX100: 74.5 | BY100: 74.5 | BZ100: 74.4 | CA100: 74.4 | CB100: 74.5 | CC100: 74.6 | CD100: 74.6 | CE100: 74.6 | CF100: 74.8 | CG100: 74.8 | CH100: 74.9 | CI100: 75.1 | CJ100: 75.3 | CK100: 75.1 | CL100: 75
B101: 43070 | C101: 70.4 | D101: 70.6 | E101: 70.6 | F101: 70.7 | G101: 70.5 | H101: 70.3 | I101: 70.4 | J101: 70.5 | K101: 70.6 | L101: 70.5 | M101: 70.5 | N101: 70.5 | O101: 70.5 | P101: 70.2 | Q101: 70.2 | R101: 70.1 | S101: 70.1 | T101: 70.1 | U101: 70.2 | V101: 70.3 | W101: 70.3 | X101: 70.5 | Y101: 70.5 | Z101: 70.7 | AA101: 70.9 | AB101: 71.1 | AC101: 71.2 | AD101: 71.1 | AE101: 71.1 | AF101: 71.3 | AG101: 71.4 | AH101: 71.4 | AI101: 71.2 | AJ101: 71.2 | AK101: 71.2 | AL101: 71.2 | AM101: 71.3 | AN101: 71.5 | AO101: 71.5 | AP101: 71.7 | AQ101: 71.9 | AR101: 72 | AS101: 72 | AT101: 72.1 | AU101: 72.4 | AV101: 72.5 | AW101: 72.7 | AX101: 72.9 | AY101: 72.8 | AZ101: 72.8 | BA101: 73 | BB101: 73 | BC101: 73 | BD101: 73 | BE101: 73.2 | BF101: 73.3 | BG101: 73.4 | BH101: 73.4 | BI101: 73.4 | BJ101: 73.3 | BK101: 73.4 | BL101: 73.5 | BM101: 73.6 | BN101: 73.8 | BO101: 74 | BP101: 74.1 | BQ101: 74.1 | BR101: 74.1 | BS101: 74.1 | BT101: 74.2 | BU101: 74.2 | BV101: 74.4 | BW101: 74.4 | BX101: 74.5 | BY101: 74.5 | BZ101: 74.4 | CA101: 74.4 | CB101: 74.5 | CC101: 74.6 | CD101: 74.6 | CE101: 74.6 | CF101: 74.8 | CG101: 74.8 | CH101: 74.9 | CI101: 75.1 | CJ101: 75.3 | CK101: 75.1 | CL101: 75 | CM101: 75.1
B102: 43101 | C102: 70.4 | D102: 70.6 | E102: 70.6 | F102: 70.7 | G102: 70.5 | H102: 70.3 | I102: 70.4 | J102: 70.5 | K102: 70.6 | L102: 70.5 | M102: 70.5 | N102: 70.5 | O102: 70.5 | P102: 70.2 | Q102: 70.2 | R102: 70.1 | S102: 70.1 | T102: 70.1 | U102: 70.2 | V102: 70.3 | W102: 70.3 | X102: 70.5 | Y102: 70.5 | Z102: 70.7 | AA102: 70.9 | AB102: 71.1 | AC102: 71.2 | AD102: 71.1 | AE102: 71.1 | AF102: 71.3 | AG102: 71.4 | AH102: 71.4 | AI102: 71.2 | AJ102: 71.2 | AK102: 71.2 | AL102: 71.2 | AM102: 71.3 | AN102: 71.5 | AO102: 71.5 | AP102: 71.7 | AQ102: 71.9 | AR102: 72 | AS102: 72 | AT102: 72.1 | AU102: 72.4 | AV102: 72.5 | AW102: 72.7 | AX102: 72.9 | AY102: 72.8 | AZ102: 72.8 | BA102: 73 | BB102: 73 | BC102: 73 | BD102: 73 | BE102: 73.2 | BF102: 73.3 | BG102: 73.4 | BH102: 73.4 | BI102: 73.4 | BJ102: 73.3 | BK102: 73.4 | BL102: 73.5 | BM102: 73.6 | BN102: 73.8 | BO102: 74 | BP102: 74.1 | BQ102: 74.1 | BR102: 74.1 | BS102: 74.1 | BT102: 74.2 | BU102: 74.2 | BV102: 74.4 | BW102: 74.4 | BX102: 74.5 | BY102: 74.5 | BZ102: 74.4 | CA102: 74.4 | CB102: 74.5 | CC102: 74.6 | CD102: 74.6 | CE102: 74.6 | CF102: 74.8 | CG102: 74.8 | CH102: 74.9 | CI102: 75.1 | CJ102: 75.3 | CK102: 75.1 | CL102: 75 | CM102: 75.1 | CN102: 75.3
...

Sheet revisions
B1: EMP05: Revisions triangle for Employment rate
B3: 2. Revisions to UK Employment rate
B4: This spreadsheet provides a revisions analysis for the employment rate for those aged from 16 to 64. This series was first published in August 2010.
B6: Relating to Period (three months ending) | C6: 40330 | D6: 40360 | E6: 40391 | F6: 40422 | G6: 40452 | H6: 40483 | I6: 40513 | J6: 40544 | K6: 40575 | L6: 40603 | M6: 40634 | N6: 40664 | O6: 40695 | P6: 40725 | Q6: 40756 | R6: 40787 | S6: 40817 | T6: 40848 | U6: 40878 | V6: 40909 | W6: 40940 | X6: 40969 | Y6: 41000 | Z6: 41030 | AA6: 41061 | AB6: 41091 | AC6: 41122 | AD6: 41153 | AE6: 41183 | AF6: 41214 | AG6: 41244 | AH6: 41275 | AI6: 41306 | AJ6: 41334 | AK6: 41365 | AL6: 41395 | AM6: 41426 | AN6: 41456 | AO6: 41487 | AP6: 41518 | AQ6: 41548 | AR6: 41579 | AS6: 41609 | AT6: 41640 | AU6: 41671 | AV6: 41699 | AW6: 41730 | AX6: 41760 | AY6: 41791 | AZ6: 41821 | BA6: 41852 | BB6: 41883 | BC6: 41913 | BD6: 41944 | BE6: 41974 | BF6: 42005 | BG6: 42036 | BH6: 42064 | BI6: 42095 | BJ6: 42125 | BK6: 42156 | BL6: 42186 | BM6: 42217 | BN6: 42248 | BO6: 42278 | BP6: 42309 | BQ6: 42339 | BR6: 42370 | BS6: 42401 | BT6: 42430 | BU6: 42461 | BV6: 42491 | BW6: 42522 | BX6: 42552 | BY6: 42583 | BZ6: 42614 | CA6: 42644 | CB6: 42675 | CC6: 42705 | CD6: 42736 | CE6: 42767 | CF6: 42795 | CG6: 42826 | CH6: 42856 | CI6: 42887 | CJ6: 42917 | CK6: 42948 | CL6: 42979 | CM6: 43009 | CN6: 43040 | CO6: 43070 | CP6: 43101 | CQ6: 43132 | CR6: 43160 | CS6: 43191 | CT6: 43221 | CU6: 43252 | CV6: 43282 | CW6: 43313 | CX6: 43344 | CY6: 43374 | CZ6: 43405 | DA6: 43435 | DB6: 43466 | DC6: 43497 | DD6: 43525 | DE6: 43556 | DF6: 43586 | DG6: 43617 | DH6: 43647 | DI6: 43678 | DJ6: 43709 | DK6: 43739 | DL6: 43770 | DM6: 43800 | DN6: 43831 | DO6: 43862 | DP6: 43891 | DQ6: 43922 | DR6: 43952 | DS6: 43983 | DT6: 44013 | DU6: 44044 | DV6: 44075 | DW6: 44105 | DX6: 44136 | DY6: 44166 | DZ6: 44197 | EA6: 44228 | EB6: 44256 | EC6: 44287 | ED6: 44317 | EE6: 44348 | EF6: 44378 | EG6: 44409 | EH6: 44440 | EI6: 44470 | EJ6: 44501 | EK6: 44531 | EL6: 44562 | EM6: 44593 | EN6: 44621 | EO6: 44652 | EP6: 44682 | EQ6: 44713 | ER6: 44743 | ES6: 44774 | ET6: 44805 | EU6: 44835 | EV6: 44866 | EW6: 44896 | EX6: 44927 | EY6: 44958 | EZ6: 44986 | FA6: 45017 | FB6: 45047 | FC6: 45078 | FD6: 45108 | FE6: 45139 | FF6: 45170 | FG6: 45200 | FH6: 45231 | FI6: 45261 | FJ6: 45292 | FK6: 45323 | FL6: 45352 | FM6: 45383 | FN6: 45413 | FO6: 45444 | FP6: 45474 | FQ6: 45505 | FR6: 45536 | FS6: 45566 | FT6: 45597 | FU6: 45627 | FV6: 45658 | FW6: 45689 | FX6: 45717 | FY6: 45748 | FZ6: 45778 | GA6: 45809 | GB6: 45839 | GC6: 45870 | GD6: 45901 | GE6: 45931 | GF6: 45962 | GG6: 45992
B7: Month 1 estimate | C7: 0 | D7: 0 | E7: 0 | F7: 0 | G7: 0 | H7: 0 | I7: 0 | J7: 0 | K7: 0 | L7: 0 | M7: 0 | N7: 0 | O7: 0 | P7: 0 | Q7: 0 | R7: 0 | S7: 0 | T7: 0 | U7: 0 | V7: 0 | W7: 0 | X7: 0 | Y7: 0 | Z7: 0 | AA7: 0 | AB7: 0 | AC7: 0 | AD7: 0 | AE7: 0 | AF7: 0 | AG7: 0 | AH7: 0 | AI7: 0 | AJ7: 0 | AK7: 0 | AL7: 0 | AM7: 0 | AN7: 0 | AO7: 0 | AP7: 0 | AQ7: 0 | AR7: 0 | AS7: 0 | AT7: 0 | AU7: 0 | AV7: 0 | AW7: 0 | AX7: 0 | AY7: 0 | AZ7: 0 | BA7: 0 | BB7: 0 | BC7: 0 | BD7: 0 | BE7: 0 | BF7: 0 | BG7: 0 | BH7: 0 | BI7: 0 | BJ7: 0 | BK7: 0 | BL7: 0 | BM7: 0 | BN7: 0 | BO7: 0 | BP7: 0 | BQ7: 0 | BR7: 0 | BS7: 0 | BT7: 0 | BU7: 0 | BV7: 0 | BW7: 0 | BX7: 0 | BY7: 0 | BZ7: 0 | CA7: 0 | CB7: 0 | CC7: 0 | CD7: 0 | CE7: 0 | CF7: 0 | CG7: 0 | CH7: 0 | CI7: 0 | CJ7: 0 | CK7: 0 | CL7: 0 | CM7: 0 | CN7: 0 | CO7: 0 | CP7: 0 | CQ7: 0 | CR7: 0 | CS7: 0 | CT7: 0 | CU7: 0 | CV7: 0 | CW7: 0 | CX7: 0 | CY7: 0 | CZ7: 0 | DA7: 0 | DB7: 0 | DC7: 0 | DD7: 0 | DE7: 0 | DF7: 0 | DG7: 0 | DH7: 0 | DI7: 0 | DJ7: 0 | DK7: 0 | DL7: 0 | DM7: 0 | DN7: 0 | DO7: 0 | DP7: 0 | DQ7: 0 | DR7: 0 | DS7: 0 | DT7: 0 | DU7: 0 | DV7: 0 | DW7: 0 | DX7: 0 | DY7: 0 | DZ7: 0 | EA7: 0 | EB7: 0 | EC7: 0 | ED7: 0 | EE7: 0 | EF7: 0 | EG7: 0 | EH7: 0 | EI7: 0 | EJ7: 0 | EK7: 0 | EL7: 0 | EM7: 0 | EN7: 0 | EO7: 0 | EP7: 0 | EQ7: 0 | ER7: 0 | ES7: 0 | ET7: 0 | EU7: 0 | EV7: 0 | EW7: 0 | EX7: 0 | EY7: 0 | EZ7: 0 | FA7: 0 | FB7: 0 | FC7: 0 | FD7: 0 | FE7: 0 | FF7: 0 | FG7: 0 | FH7: 0 | FI7: 0 | FJ7: 0 | FK7: 0 | FL7: 0 | FM7: 0 | FN7: 0 | FO7: 0 | FP7: 0 | FQ7: 0 | FR7: 0 | FS7: 0 | FT7: 0 | FU7: 0 | FV7: 0 | FW7: 0 | FX7: 0 | FY7: 0 | FZ7: 0 | GA7: 0 | GB7: 0 | GC7: 0 | GD7: 0 | GE7: 0 | GF7: 0 | GG7: 0
B8: Month 2 estimate | C8: 0 | D8: 0 | E8: 0 | F8: 0 | G8: 0 | H8: 0 | I8: 0 | J8: 0 | K8: 0 | L8: 0 | M8: 0 | N8: 0 | O8: 0 | P8: 0 | Q8: 0 | R8: 0 | S8: 0 | T8: 0 | U8: 0 | V8: 0 | W8: 0 | X8: 0 | Y8: 0 | Z8: 0 | AA8: 0 | AB8: 0 | AC8: 0 | AD8: 0 | AE8: 0 | AF8: 0 | AG8: 0 | AH8: 0 | AI8: 0 | AJ8: 0 | AK8: 0 | AL8: 0 | AM8: 0 | AN8: 0 | AO8: 0 | AP8: 0 | AQ8: 0 | AR8: 0 | AS8: 0 | AT8: 0 | AU8: 0 | AV8: 0 | AW8: 0 | AX8: 0 | AY8: 0 | AZ8: 0 | BA8: 0 | BB8: 0 | BC8: 0 | BD8: 0 | BE8: 0 | BF8: 0 | BG8: 0 | BH8: 0 | BI8: 0 | BJ8: 0 | BK8: 0 | BL8: 0 | BM8: 0 | BN8: 0 | BO8: 0 | BP8: 0 | BQ8: 0 | BR8: 0 | BS8: 0 | BT8: 0 | BU8: 0 | BV8: 0 | BW8: 0 | BX8: 0 | BY8: 0 | BZ8: 0 | CA8: 0 | CB8: 0 | CC8: 0 | CD8: 0 | CE8: 0 | CF8: 0 | CG8: 0 | CH8: 0 | CI8: 0 | CJ8: 0 | CK8: 0 | CL8: 0 | CM8: 0 | CN8: 0 | CO8: 0 | CP8: 0 | CQ8: 0 | CR8: 0 | CS8: 0 | CT8: 0 | CU8: 0 | CV8: 0 | CW8: 0 | CX8: 0 | CY8: 0 | CZ8: 0 | DA8: 0 | DB8: 0 | DC8: 0 | DD8: 0 | DE8: 0 | DF8: 0 | DG8: 0 | DH8: 0 | DI8: 0 | DJ8: 0 | DK8: 0 | DL8: 0 | DM8: 0 | DN8: 0 | DO8: 0 | DP8: 0 | DQ8: 0 | DR8: 0 | DS8: 0 | DT8: 0 | DU8: 0 | DV8: 0 | DW8: 0 | DX8: 0 | DY8: 0 | DZ8: 0 | EA8: 0 | EB8: 0 | EC8: 0 | ED8: 0 | EE8: 0 | EF8: 0 | EG8: 0 | EH8: 0 | EI8: 0 | EJ8: 0 | EK8: 0 | EL8: 0 | EM8: 0 | EN8: 0 | EO8: 0 | EP8: 0 | EQ8: 0 | ER8: 0 | ES8: 0 | ET8: 0 | EU8: 0 | EV8: 0 | EW8: 0 | EX8: 0 | EY8: 0 | EZ8: 0 | FA8: 0 | FB8: 0 | FC8: 0 | FD8: 0 | FE8: 0 | FF8: 0 | FG8: 0 | FH8: 0 | FI8: 0 | FJ8: 0 | FK8: 0 | FL8: 0 | FM8: 0 | FN8: 0 | FO8: 0 | FP8: 0 | FQ8: 0 | FR8: 0 | FS8: 0 | FT8: 0 | FU8: 0 | FV8: 0 | FW8: 0 | FX8: 0 | FY8: 0 | FZ8: 0 | GA8: 0 | GB8: 0 | GC8: 0 | GD8: 0 | GE8: 0 | GF8: 0 | GG8: 0
B9: First Estimate | C9: 70.5 | D9: 70.7 | E9: 70.7 | F9: 70.8 | G9: 70.6 | H9: 70.4 | I9: 70.5 | J9: 70.5 | K9: 70.7 | L9: 70.7 | M9: 70.6 | N9: 70.7 | O9: 70.7 | P9: 70.5 | Q9: 70.4 | R9: 70.2 | S9: 70.3 | T9: 70.3 | U9: 70.3 | V9: 70.3 | W9: 70.4 | X9: 70.5 | Y9: 70.6 | Z9: 70.7 | AA9: 71 | AB9: 71.2 | AC9: 71.3 | AD9: 71.2 | AE9: 71.2 | AF9: 71.4 | AG9: 71.5 | AH9: 71.5 | AI9: 71.4 | AJ9: 71.4 | AK9: 71.5 | AL9: 71.4 | AM9: 71.5 | AN9: 71.6 | AO9: 71.7 | AP9: 71.8 | AQ9: 72 | AR9: 72.1 | AS9: 72.1 | AT9: 72.3 | AU9: 72.6 | AV9: 72.7 | AW9: 72.9 | AX9: 73.1 | AY9: 73 | AZ9: 73 | BA9: 73 | BB9: 73 | BC9: 73 | BD9: 73 | BE9: 73.2 | BF9: 73.3 | BG9: 73.4 | BH9: 73.5 | BI9: 73.4 | BJ9: 73.3 | BK9: 73.4 | BL9: 73.5 | BM9: 73.6 | BN9: 73.7 | BO9: 73.9 | BP9: 74 | BQ9: 74.1 | BR9: 74.1 | BS9: 74.1 | BT9: 74.2 | BU9: 74.2 | BV9: 74.4 | BW9: 74.5 | BX9: 74.5 | BY9: 74.5 | BZ9: 74.5 | CA9: 74.4 | CB9: 74.5 | CC9: 74.6 | CD9: 74.6 | CE9: 74.6 | CF9: 74.8 | CG9: 74.8 | CH9: 74.9 | CI9: 75.1 | CJ9: 75.3 | CK9: 75.1 | CL9: 75 | CM9: 75.1 | CN9: 75.3 | CO9: 75.2 | CP9: 75.3 | CQ9: 75.4 | CR9: 75.6 | CS9: 75.6 | CT9: 75.7 | CU9: 75.6 | CV9: 75.5 | CW9: 75.5 | CX9: 75.5 | CY9: 75.7 | CZ9: 75.8 | DA9: 75.8 | DB9: 76.1 | DC9: 76.1 | DD9: 76.1 | DE9: 76.1 | DF9: 76 | DG9: 76.1 | DH9: 76.1 | DI9: 75.9 | DJ9: 76 | DK9: 76.2 | DL9: 76.3 | DM9: 76.5 | DN9: 76.5 | DO9: 76.6 | DP9: 76.6 | DQ9: 76.4 | DR9: 76.4 | DS9: 76.4 | DT9: 76.5 | DU9: 75.56054 | DV9: 75.3 | DW9: 75.2 | DX9: 75.2 | DY9: 75 | DZ9: 75 | EA9: 75.1 | EB9: 75.2 | EC9: 75.2 | ED9: 74.804889 | EE9: 75.072313 | EF9: 75.221203 | EG9: 75.304371 | EH9: 75.426779 | EI9: 75.461812 | EJ9: 75.5 | EK9: 75.5 | EL9: 75.6 | EM9: 75.485512 | EN9: 75.658527 | EO9: 75.648993 | EP9: 75.866475 | EQ9: 75.518216 | ER9: 75.4242 | ES9: 75.5 | ET9: 75.5 | EU9: 75.590937 | EV9: 75.6 | EW9: 75.630705 | EX9: 75.729704 | EY9: 75.809139 | EZ9: 75.876896 | FA9: 75.97215 | FB9: 75.973187 | FC9: 75.729763 | FD9: 75.483668 | FE9: 75.270661 | FF9: 75.443652 | FG9: 75.571136 | FH9: 75.68751 | FI9: 75.008565 | FJ9: 74.998781 | FK9: 74.487887 | FL9: 74.451316 | FM9: 74.298008 | FN9: 74.361419 | FO9: 74.517672 | FP9: 74.785861 | FQ9: 75.005738 | FR9: 74.811055 | FS9: 74.889153 | FT9: 74.841084 | FU9: 74.938223 | FV9: 75.006018 | FW9: 75.06605 | FX9: 74.999445 | FY9: 75.057705 | FZ9: 75.241221 | GA9: 75.268461 | GB9: 75.174093 | GC9: 75.063593 | GD9: 75.041595 | GE9: 74.915831 | GF9: 75.092992 | GG9: 74.959733
B10: Value 12 Months later | C10: 70.5 | D10: 70.7 | E10: 70.7 | F10: 70.8 | G10: 70.6 | H10: 70.4 | I10: 70.5 | J10: 70.5 | K10: 70.7 | L10: 70.7 | M10: 70.6 | N10: 70.7 | O10: 70.6 | P10: 70.4 | Q10: 70.3 | R10: 70.2 | S10: 70.3 | T10: 70.3 | U10: 70.4 | V10: 70.4 | W10: 70.5 | X10: 70.6 | Y10: 70.7 | Z10: 70.8 | AA10: 71 | AB10: 71.2 | AC10: 71.3 | AD10: 71.2 | AE10: 71.2 | AF10: 71.5 | AG10: 71.6 | AH10: 71.5 | AI10: 71.4 | AJ10: 71.4 | AK10: 71.5 | AL10: 71.4 | AM10: 71.5 | AN10: 71.6 | AO10: 71.5 | AP10: 71.6 | AQ10: 71.8 | AR10: 72 | AS10: 72 | AT10: 72.1 | AU10: 72.4 | AV10: 72.5 | AW10: 72.7 | AX10: 72.9 | AY10: 72.8 | AZ10: 72.8 | BA10: 73 | BB10: 73 | BC10: 73 | BD10: 73 | BE10: 73.2 | BF10: 73.3 | BG10: 73.4 | BH10: 73.5 | BI10: 73.4 | BJ10: 73.4 | BK10: 73.4 | BL10: 73.5 | BM10: 73.6 | BN10: 73.8 | BO10: 73.9 | BP10: 74 | BQ10: 74.1 | BR10: 74.1 | BS10: 74.1 | BT10: 74.2 | BU10: 74.2 | BV10: 74.4 | BW10: 74.4 | BX10: 74.5 | BY10: 74.5 | BZ10: 74.4 | CA10: 74.4 | CB10: 74.5 | CC10: 74.6 | CD10: 74.6 | CE10: 74.6 | CF10: 74.8 | CG10: 74.8 | CH10: 74.9 | CI10: 75.1 | CJ10: 75.3 | CK10: 75.1 | CL10: 75 | CM10: 75.1 | CN10: 75.3 | CO10: 75.2 | CP10: 75.3 | CQ10: 75.4 | CR10: 75.6 | CS10: 75.6 | CT10: 75.6 | CU10: 75.5 | CV10: 75.5 | CW10: 75.6 | CX10: 75.6 | CY10: 75.7 | CZ10: 75.8 | DA10: 75.8 | DB10: 76.1 | DC10: 76.1 | DD10: 76.1 | DE10: 76.1 | DF10: 75.8 | DG10: 76.1 | DH10: 76 | DI10: 75.9 | DJ10: 76 | DK10: 76.2 | DL10: 76.3 | DM10: 76.5 | DN10: 76.5 | DO10: 76.6 | DP10: 76.340152 | DQ10: 76.023623 | DR10: 75.8418 | DS10: 75.748395 | DT10: 75.62516 | DU10: 75.370426 | DV10: 75.032894 | DW10: 74.935644 | DX10: 74.948703 | DY10: 74.6539 | DZ10: 74.61004 | EA10: 74.720603 | EB10: 74.724823 | EC10: 74.692215 | ED10: 74.750852 | EE10: 75.019872 | EF10: 75.142336 | EG10: 75.242012 | EH10: 75.336738 | EI10: 75.385208 | EJ10: 75.417537 | EK10: 75.469459 | EL10: 75.431988 | EM10: 75.465306 | EN10: 75.626684 | EO10: 75.648993 | EP10: 75.866475 | EQ10: 75.518216 | ER10: 75.4242 | ES10: 75.5 | ET10: 75.5 | EU10: 75.590937 | EV10: 75.6 | EW10: 75.18609 | EX10: 75.243637 | EY10: 75.238481 | EZ10: 75.278703 | FA10: 75.43069 | FB10: 75.460293 | FC10: 75.169188 | FD10: 74.911923 | FE10: 74.744985 | FF10: 74.846469 | FG10: 74.869395 | FH10: 74.856164 | FI10: 74.84999 | FJ10: 74.659177 | FK10: 74.559012 | FL10: 74.495675 | FM10: 74.396209 | FN10: 74.407764 | FO10: 74.574397 | FP10: 74.722903 | FQ10: 74.985704 | FR10: 74.937976 | FS10: 74.902473 | FT10: 74.850935 | FU10: 74.956007 | FV10: N/A | FW10: N/A | FX10: N/A | FY10: N/A | FZ10: N/A | GA10: N/A | GB10: N/A | GC10: N/A | GD10: N/A | GE10: N/A | GF10: N/A | GG10: N/A
B11: BB1 Estimate | C11: 0 | D11: 0 | E11: 0 | F11: 0 | G11: 0 | H11: 0 | I11: 0 | J11: 0 | K11: 0 | L11: 0 | M11: 0 | N11: 0 | O11: 0 | P11: 0 | Q11: 0 | R11: 0 | S11: 0 | T11: 0 | U11: 0 | V11: 0 | W11: 0 | X11: 0 | Y11: 0 | Z11: 0 | AA11: 0 | AB11: 0 | AC11: 0 | AD11: 0 | AE11: 0 | AF11: 0 | AG11: 0 | AH11: 0 | AI11: 0 | AJ11: 0 | AK11: 0 | AL11: 0 | AM11: 0 | AN11: 0 | AO11: 0 | AP11: 0 | AQ11: 0 | AR11: 0 | AS11: 0 | AT11: 0 | AU11: 0 | AV11: 0 | AW11: 0 | AX11: 0 | AY11: 0 | AZ11: 0 | BA11: 0 | BB11: 0 | BC11: 0 | BD11: 0 | BE11: 0 | BF11: 0 | BG11: 0 | BH11: 0 | BI11: 0 | BJ11: 0 | BK11: 0 | BL11: 0 | BM11: 0 | BN11: 0 | BO11: 0 | BP11: 0 | BQ11: 0 | BR11: 0 | BS11: 0 | BT11: 0 | BU11: 0 | BV11: 0 | BW11: 0 | BX11: 0 | BY11: 0 | BZ11: 0 | CA11: 0 | CB11: 0 | CC11: 0 | CD11: 0 | CE11: 0 | CF11: 0 | CG11: 0 | CH11: 0 | CI11: 0 | CJ11: 0 | CK11: 0 | CL11: 0 | CM11: 0 | CN11: 0 | CO11: 0 | CP11: 0 | CQ11: 0 | CR11: 0 | CS11: 0 | CT11: 0 | CU11: 0 | CV11: 0 | CW11: 0 | CX11: 0 | CY11: 0 | CZ11: 0 | DA11: 0 | DB11: 0 | DC11: 0 | DD11: 0 | DE11: 0 | DF11: 0 | DG11: 0 | DH11: 0 | DI11: 0 | DJ11: 0 | DK11: 0 | DL11: 0 | DM11: 0 | DN11: 0 | DO11: 0 | DP11: 0 | DQ11: 0 | DR11: 0 | DS11: 0 | DT11: 0 | DU11: 0 | DV11: 0 | DW11: 0 | DX11: 0 | DY11: 0 | DZ11: 0 | EA11: 0 | EB11: 0 | EC11: 0 | ED11: 0 | EE11: 0 | EF11: 0 | EG11: 0 | EH11: 0 | EI11: 0 | EJ11: 0 | EK11: 0 | EL11: 0 | EM11: 0 | EN11: 0 | EO11: 0 | EP11: 0 | EQ11: 0 | ER11: 0 | ES11: 0 | ET11: 0 | EU11: 0 | EV11: 0 | EW11: 0 | EX11: 0 | EY11: 0 | EZ11: 0 | FA11: 0 | FB11: 0 | FC11: 0 | FD11: 0 | FE11: 0 | FF11: 0 | FG11: 0 | FH11: 0 | FI11: 0 | FJ11: 0 | FK11: 0 | FL11: 0 | FM11: 0 | FN11: 0 | FO11: 0 | FP11: 0 | FQ11: 0 | FR11: 0 | FS11: 0 | FT11: 0 | FU11: 0 | FV11: 0 | FW11: 0 | FX11: 0 | FY11: 0 | FZ11: 0 | GA11: 0 | GB11: 0 | GC11: 0 | GD11: 0 | GE11: 0 | GF11: 0 | GG11: 0
B12: BB2 Estimate | C12: 0 | D12: 0 | E12: 0 | F12: 0 | G12: 0 | H12: 0 | I12: 0 | J12: 0 | K12: 0 | L12: 0 | M12: 0 | N12: 0 | O12: 0 | P12: 0 | Q12: 0 | R12: 0 | S12: 0 | T12: 0 | U12: 0 | V12: 0 | W12: 0 | X12: 0 | Y12: 0 | Z12: 0 | AA12: 0 | AB12: 0 | AC12: 0 | AD12: 0 | AE12: 0 | AF12: 0 | AG12: 0 | AH12: 0 | AI12: 0 | AJ12: 0 | AK12: 0 | AL12: 0 | AM12: 0 | AN12: 0 | AO12: 0 | AP12: 0 | AQ12: 0 | AR12: 0 | AS12: 0 | AT12: 0 | AU12: 0 | AV12: 0 | AW12: 0 | AX12: 0 | AY12: 0 | AZ12: 0 | BA12: 0 | BB12: 0 | BC12: 0 | BD12: 0 | BE12: 0 | BF12: 0 | BG12: 0 | BH12: 0 | BI12: 0 | BJ12: 0 | BK12: 0 | BL12: 0 | BM12: 0 | BN12: 0 | BO12: 0 | BP12: 0 | BQ12: 0 | BR12: 0 | BS12: 0 | BT12: 0 | BU12: 0 | BV12: 0 | BW12: 0 | BX12: 0 | BY12: 0 | BZ12: 0 | CA12: 0 | CB12: 0 | CC12: 0 | CD12: 0 | CE12: 0 | CF12: 0 | CG12: 0 | CH12: 0 | CI12: 0 | CJ12: 0 | CK12: 0 | CL12: 0 | CM12: 0 | CN12: 0 | CO12: 0 | CP12: 0 | CQ12: 0 | CR12: 0 | CS12: 0 | CT12: 0 | CU12: 0 | CV12: 0 | CW12: 0 | CX12: 0 | CY12: 0 | CZ12: 0 | DA12: 0 | DB12: 0 | DC12: 0 | DD12: 0 | DE12: 0 | DF12: 0 | DG12: 0 | DH12: 0 | DI12: 0 | DJ12: 0 | DK12: 0 | DL12: 0 | DM12: 0 | DN12: 0 | DO12: 0 | DP12: 0 | DQ12: 0 | DR12: 0 | DS12: 0 | DT12: 0 | DU12: 0 | DV12: 0 | DW12: 0 | DX12: 0 | DY12: 0 | DZ12: 0 | EA12: 0 | EB12: 0 | EC12: 0 | ED12: 0 | EE12: 0 | EF12: 0 | EG12: 0 | EH12: 0 | EI12: 0 | EJ12: 0 | EK12: 0 | EL12: 0 | EM12: 0 | EN12: 0 | EO12: 0 | EP12: 0 | EQ12: 0 | ER12: 0 | ES12: 0 | ET12: 0 | EU12: 0 | EV12: 0 | EW12: 0 | EX12: 0 | EY12: 0 | EZ12: 0 | FA12: 0 | FB12: 0 | FC12: 0 | FD12: 0 | FE12: 0 | FF12: 0 | FG12: 0 | FH12: 0 | FI12: 0 | FJ12: 0 | FK12: 0 | FL12: 0 | FM12: 0 | FN12: 0 | FO12: 0 | FP12: 0 | FQ12: 0 | FR12: 0 | FS12: 0 | FT12: 0 | FU12: 0 | FV12: 0 | FW12: 0 | FX12: 0 | FY12: 0 | FZ12: 0 | GA12: 0 | GB12: 0 | GC12: 0 | GD12: 0 | GE12: 0 | GF12: 0 | GG12: 0
B13: 40391
B14: 40422 | C14: 0
B15: 40452 | C15: 0 | D15: 0
B16: 40483 | C16: 0 | D16: 0 | E16: 0
B17: 40513 | C17: 0 | D17: 0 | E17: 0 | F17: 0
B18: 40544 | C18: 0 | D18: 0 | E18: 0 | F18: 0 | G18: 0
B19: 40575 | C19: 0 | D19: 0 | E19: 0 | F19: 0 | G19: 0 | H19: 0
B20: 40603 | C20: 0 | D20: 0 | E20: 0 | F20: 0 | G20: 0 | H20: 0 | I20: 0
B21: 40634 | C21: 0 | D21: 0 | E21: 0 | F21: 0 | G21: 0 | H21: 0 | I21: 0 | J21: 0
B22: 40664 | C22: 0 | D22: 0 | E22: 0 | F22: 0 | G22: 0 | H22: 0 | I22: 0 | J22: 0 | K22: 0
B23: 40695 | C23: 0 | D23: 0 | E23: 0 | F23: 0 | G23: 0 | H23: 0 | I23: 0 | J23: 0 | K23: 0 | L23: 0
B24: 40725 | C24: 0 | D24: 0 | E24: 0 | F24: 0 | G24: 0 | H24: 0 | I24: 0 | J24: 0 | K24: 0 | L24: 0 | M24: 0
B25: 40756 | C25: 0 | D25: 0 | E25: 0 | F25: 0 | G25: 0 | H25: 0 | I25: 0 | J25: 0 | K25: 0 | L25: 0 | M25: 0 | N25: 0
B26: 40787 | C26: 0 | D26: 0 | E26: 0 | F26: 0 | G26: 0 | H26: 0 | I26: 0 | J26: 0 | K26: 0 | L26: 0 | M26: 0 | N26: 0 | O26: 0
B27: 40817 | C27: 0 | D27: 0 | E27: 0 | F27: 0 | G27: 0 | H27: 0 | I27: 0 | J27: 0 | K27: 0 | L27: 0 | M27: 0 | N27: 0 | O27: 0 | P27: 0
B28: 40848 | C28: 0 | D28: 0 | E28: 0 | F28: 0 | G28: 0 | H28: 0 | I28: 0 | J28: 0 | K28: 0 | L28: 0 | M28: 0 | N28: 0 | O28: 0 | P28: 0 | Q28: 0
B29: 40878 | C29: 0 | D29: 0 | E29: 0 | F29: 0 | G29: 0 | H29: 0 | I29: 0 | J29: 0 | K29: 0 | L29: 0 | M29: 0 | N29: 0 | O29: 0 | P29: 0 | Q29: 0 | R29: 0
B30: 40909 | C30: 0 | D30: 0 | E30: 0 | F30: 0 | G30: 0 | H30: 0 | I30: 0 | J30: 0 | K30: 0 | L30: 0 | M30: 0 | N30: 0 | O30: 0 | P30: 0 | Q30: 0 | R30: 0 | S30: 0
B31: 40940 | C31: 0 | D31: 0 | E31: 0 | F31: 0 | G31: 0 | H31: 0 | I31: 0 | J31: 0 | K31: 0 | L31: 0 | M31: 0 | N31: 0 | O31: 0 | P31: 0 | Q31: 0 | R31: 0 | S31: 0 | T31: 0
B32: 40969 | C32: 0 | D32: 0 | E32: 0 | F32: 0 | G32: 0 | H32: 0 | I32: 0 | J32: 0 | K32: 0 | L32: 0 | M32: 0 | N32: 0 | O32: 0 | P32: 0 | Q32: 0 | R32: 0 | S32: 0 | T32: 0 | U32: 0
B33: 41000 | C33: 0 | D33: 0 | E33: 0 | F33: 0 | G33: 0 | H33: 0 | I33: 0 | J33: 0 | K33: 0 | L33: 0 | M33: 0 | N33: 0 | O33: 0 | P33: 0 | Q33: 0 | R33: 0 | S33: 0 | T33: 0 | U33: 0 | V33: 0
B34: 41030 | C34: 0 | D34: 0 | E34: 0 | F34: 0 | G34: 0 | H34: 0 | I34: 0 | J34: 0 | K34: 0 | L34: 0 | M34: 0 | N34: 0 | O34: 0 | P34: 0 | Q34: 0 | R34: 0 | S34: 0 | T34: 0 | U34: 0 | V34: 0 | W34: 0
B35: 41061 | C35: 0 | D35: 0 | E35: 0 | F35: 0 | G35: 0 | H35: 0 | I35: 0 | J35: 0 | K35: 0 | L35: 0 | M35: 0 | N35: 0 | O35: 0 | P35: 0 | Q35: 0 | R35: 0 | S35: 0 | T35: 0 | U35: 0 | V35: 0 | W35: 0 | X35: 0
B36: 41091 | C36: 0 | D36: 0 | E36: 0 | F36: 0 | G36: 0 | H36: 0 | I36: 0 | J36: 0 | K36: 0 | L36: 0 | M36: 0 | N36: 0 | O36: 0 | P36: 0 | Q36: 0 | R36: 0 | S36: 0 | T36: 0 | U36: 0 | V36: 0 | W36: 0 | X36: 0 | Y36: 0
B37: 41122 | C37: -0.1 | D37: 0 | E37: 0 | F37: 0 | G37: 0 | H37: 0.1 | I37: 0 | J37: 0.1 | K37: 0 | L37: 0 | M37: 0 | N37: 0 | O37: -0.1 | P37: -0.1 | Q37: -0.1 | R37: 0 | S37: 0 | T37: 0 | U37: 0.1 | V37: 0.1 | W37: 0.1 | X37: 0.1 | Y37: 0.1 | Z37: 0.1
B38: 41153 | C38: 0 | D38: 0 | E38: 0 | F38: 0 | G38: 0 | H38: 0 | I38: 0 | J38: 0 | K38: 0 | L38: 0 | M38: 0 | N38: 0 | O38: 0 | P38: 0 | Q38: 0 | R38: 0 | S38: 0 | T38: 0 | U38: 0 | V38: 0 | W38: 0 | X38: 0 | Y38: 0 | Z38: 0 | AA38: 0
B39: 41183 | C39: 0 | D39: 0 | E39: 0 | F39: 0 | G39: 0 | H39: 0 | I39: 0 | J39: 0 | K39: 0 | L39: 0 | M39: 0 | N39: 0 | O39: 0 | P39: 0 | Q39: 0 | R39: 0 | S39: 0 | T39: 0 | U39: 0 | V39: 0 | W39: 0 | X39: 0 | Y39: 0 | Z39: 0 | AA39: 0 | AB39: 0
B40: 41214 | C40: 0 | D40: 0 | E40: 0 | F40: 0 | G40: 0 | H40: 0 | I40: 0 | J40: 0 | K40: 0 | L40: 0 | M40: 0 | N40: 0 | O40: 0 | P40: 0 | Q40: 0 | R40: 0 | S40: 0 | T40: 0 | U40: 0 | V40: 0 | W40: 0 | X40: 0 | Y40: 0 | Z40: 0 | AA40: 0 | AB40: 0 | AC40: 0
B41: 41244 | C41: 0 | D41: 0 | E41: 0 | F41: 0 | G41: 0 | H41: 0 | I41: 0 | J41: 0 | K41: 0 | L41: 0 | M41: 0 | N41: 0 | O41: 0 | P41: 0 | Q41: 0 | R41: 0 | S41: 0 | T41: 0 | U41: 0 | V41: 0 | W41: 0 | X41: 0 | Y41: 0 | Z41: 0 | AA41: 0 | AB41: 0 | AC41: 0 | AD41: 0
B42: 41275 | C42: 0 | D42: 0 | E42: 0 | F42: 0 | G42: 0 | H42: 0 | I42: 0 | J42: 0 | K42: 0 | L42: 0 | M42: 0 | N42: 0 | O42: 0 | P42: 0 | Q42: 0 | R42: 0 | S42: 0 | T42: 0 | U42: 0 | V42: 0 | W42: 0 | X42: 0 | Y42: 0 | Z42: 0 | AA42: 0 | AB42: 0 | AC42: 0 | AD42: 0 | AE42: 0
B43: 41306 | C43: 0 | D43: 0 | E43: 0 | F43: 0 | G43: 0 | H43: 0 | I43: 0 | J43: 0 | K43: 0 | L43: 0 | M43: 0 | N43: 0 | O43: 0 | P43: 0 | Q43: 0 | R43: 0 | S43: 0 | T43: 0 | U43: 0 | V43: 0 | W43: 0 | X43: 0 | Y43: 0 | Z43: 0 | AA43: 0 | AB43: 0 | AC43: 0 | AD43: 0 | AE43: 0 | AF43: 0
B44: 41334 | C44: 0 | D44: 0 | E44: 0 | F44: 0 | G44: 0 | H44: 0 | I44: 0 | J44: 0 | K44: 0 | L44: 0 | M44: 0 | N44: 0 | O44: 0 | P44: 0 | Q44: 0 | R44: 0 | S44: 0 | T44: 0 | U44: 0 | V44: 0 | W44: 0 | X44: 0 | Y44: 0 | Z44: 0 | AA44: 0 | AB44: 0 | AC44: 0 | AD44: 0 | AE44: 0 | AF44: 0.1 | AG44: 0.1
B45: 41365 | C45: 0 | D45: 0 | E45: 0 | F45: 0 | G45: 0 | H45: 0 | I45: 0 | J45: 0 | K45: 0 | L45: 0 | M45: 0 | N45: 0 | O45: 0 | P45: 0 | Q45: 0 | R45: 0 | S45: 0 | T45: 0 | U45: 0 | V45: 0 | W45: 0 | X45: 0 | Y45: 0 | Z45: 0 | AA45: 0 | AB45: 0 | AC45: 0 | AD45: 0 | AE45: 0 | AF45: 0 | AG45: 0 | AH45: 0
B46: 41395 | C46: 0 | D46: 0 | E46: 0 | F46: 0 | G46: 0 | H46: 0 | I46: 0 | J46: 0 | K46: 0 | L46: 0 | M46: 0 | N46: 0 | O46: 0 | P46: 0 | Q46: 0 | R46: 0 | S46: 0 | T46: 0 | U46: 0 | V46: 0 | W46: 0 | X46: 0 | Y46: 0 | Z46: 0 | AA46: 0 | AB46: 0 | AC46: 0 | AD46: 0 | AE46: 0 | AF46: 0 | AG46: 0 | AH46: 0 | AI46: 0
B47: 41426 | C47: 0 | D47: 0 | E47: 0 | F47: 0 | G47: 0 | H47: 0 | I47: 0 | J47: 0 | K47: 0 | L47: 0 | M47: 0 | N47: 0 | O47: 0 | P47: 0 | Q47: 0 | R47: 0 | S47: 0 | T47: 0 | U47: 0 | V47: 0 | W47: 0 | X47: 0 | Y47: 0 | Z47: 0 | AA47: 0 | AB47: 0 | AC47: 0 | AD47: 0 | AE47: 0 | AF47: 0 | AG47: 0 | AH47: 0 | AI47: 0 | AJ47: 0
B48: 41456 | C48: 0 | D48: 0 | E48: 0 | F48: 0 | G48: 0 | H48: 0 | I48: 0 | J48: 0 | K48: 0 | L48: 0 | M48: 0 | N48: 0 | O48: 0 | P48: 0 | Q48: 0 | R48: 0 | S48: 0 | T48: 0 | U48: 0 | V48: 0 | W48: 0 | X48: 0 | Y48: 0 | Z48: 0 | AA48: 0 | AB48: 0 | AC48: 0 | AD48: 0 | AE48: 0 | AF48: 0 | AG48: 0 | AH48: 0 | AI48: 0 | AJ48: 0 | AK48: 0
B49: 41487 | C49: 0 | D49: 0 | E49: 0 | F49: 0 | G49: 0 | H49: 0 | I49: 0 | J49: 0 | K49: 0 | L49: 0 | M49: 0 | N49: 0 | O49: 0 | P49: 0 | Q49: 0 | R49: 0 | S49: 0 | T49: 0 | U49: 0 | V49: 0 | W49: 0 | X49: 0 | Y49: 0 | Z49: 0 | AA49: 0 | AB49: 0 | AC49: 0 | AD49: 0 | AE49: 0 | AF49: 0 | AG49: 0 | AH49: 0 | AI49: 0 | AJ49: 0 | AK49: 0 | AL49: 0
B50: 41518 | C50: 0 | D50: 0 | E50: 0 | F50: 0 | G50: 0 | H50: 0 | I50: 0 | J50: 0 | K50: 0 | L50: 0 | M50: 0 | N50: 0 | O50: 0 | P50: 0 | Q50: 0 | R50: 0 | S50: 0 | T50: 0 | U50: 0 | V50: 0 | W50: 0 | X50: 0 | Y50: 0 | Z50: 0 | AA50: 0 | AB50: 0 | AC50: 0 | AD50: 0 | AE50: 0 | AF50: 0 | AG50: 0 | AH50: 0 | AI50: 0 | AJ50: 0 | AK50: 0 | AL50: 0 | AM50: 0
B51: 41548 | C51: 0 | D51: 0 | E51: 0 | F51: 0 | G51: 0 | H51: 0 | I51: 0 | J51: 0 | K51: 0 | L51: 0 | M51: 0 | N51: 0 | O51: 0 | P51: 0 | Q51: 0 | R51: 0 | S51: 0 | T51: 0 | U51: 0 | V51: 0 | W51: 0 | X51: 0 | Y51: 0 | Z51: 0 | AA51: 0 | AB51: 0 | AC51: 0 | AD51: 0 | AE51: 0 | AF51: 0 | AG51: 0 | AH51: 0 | AI51: 0 | AJ51: 0 | AK51: 0 | AL51: 0 | AM51: 0 | AN51: 0
B52: 41579 | C52: 0 | D52: 0 | E52: 0 | F52: 0 | G52: 0 | H52: 0 | I52: 0 | J52: 0 | K52: 0 | L52: 0 | M52: 0 | N52: 0 | O52: 0 | P52: 0 | Q52: 0 | R52: 0 | S52: 0 | T52: 0 | U52: 0 | V52: 0 | W52: 0 | X52: 0 | Y52: 0 | Z52: 0 | AA52: 0 | AB52: 0 | AC52: 0 | AD52: 0 | AE52: 0 | AF52: 0 | AG52: 0 | AH52: 0 | AI52: 0 | AJ52: 0 | AK52: 0 | AL52: 0 | AM52: 0 | AN52: 0 | AO52: 0
B53: 41609 | C53: 0 | D53: 0 | E53: 0 | F53: 0 | G53: 0 | H53: 0 | I53: 0 | J53: 0 | K53: 0 | L53: 0 | M53: 0 | N53: 0 | O53: 0 | P53: 0 | Q53: 0 | R53: 0 | S53: 0 | T53: 0 | U53: 0 | V53: 0 | W53: 0 | X53: 0 | Y53: 0 | Z53: 0 | AA53: 0 | AB53: 0 | AC53: 0 | AD53: 0 | AE53: 0 | AF53: 0 | AG53: 0 | AH53: 0 | AI53: 0 | AJ53: 0 | AK53: 0 | AL53: 0 | AM53: 0 | AN53: 0 | AO53: 0 | AP53: 0
B54: 41640 | C54: 0 | D54: 0 | E54: 0 | F54: 0 | G54: 0 | H54: 0 | I54: 0 | J54: 0 | K54: 0 | L54: 0 | M54: 0 | N54: 0 | O54: 0 | P54: 0 | Q54: 0 | R54: 0 | S54: 0 | T54: 0 | U54: 0 | V54: 0 | W54: 0 | X54: 0 | Y54: 0 | Z54: 0 | AA54: 0 | AB54: 0 | AC54: 0 | AD54: 0 | AE54: 0 | AF54: 0 | AG54: 0 | AH54: 0 | AI54: 0 | AJ54: 0 | AK54: 0 | AL54: 0 | AM54: 0 | AN54: 0 | AO54: 0 | AP54: 0 | AQ54: 0
B55: 41671 | C55: 0 | D55: 0 | E55: 0 | F55: 0 | G55: 0 | H55: 0 | I55: 0 | J55: 0 | K55: 0 | L55: 0 | M55: 0 | N55: 0 | O55: 0 | P55: 0 | Q55: 0 | R55: 0 | S55: 0 | T55: 0 | U55: 0 | V55: 0 | W55: 0 | X55: 0 | Y55: 0 | Z55: 0 | AA55: 0 | AB55: 0 | AC55: 0 | AD55: 0 | AE55: 0 | AF55: 0 | AG55: 0 | AH55: 0 | AI55: 0 | AJ55: 0 | AK55: 0 | AL55: 0 | AM55: 0 | AN55: 0 | AO55: 0 | AP55: 0 | AQ55: 0 | AR55: 0
B56: 41699 | C56: 0 | D56: 0 | E56: 0 | F56: 0 | G56: 0 | H56: 0 | I56: 0 | J56: 0 | K56: 0 | L56: 0 | M56: 0 | N56: 0 | O56: 0 | P56: 0 | Q56: 0 | R56: 0 | S56: 0 | T56: 0 | U56: 0 | V56: 0 | W56: 0 | X56: 0 | Y56: 0 | Z56: 0 | AA56: 0 | AB56: 0 | AC56: 0 | AD56: 0 | AE56: 0 | AF56: 0 | AG56: 0 | AH56: 0 | AI56: 0 | AJ56: 0 | AK56: 0 | AL56: 0 | AM56: 0 | AN56: 0 | AO56: 0 | AP56: 0 | AQ56: 0 | AR56: 0 | AS56: 0
B57: 41730 | C57: 0 | D57: 0 | E57: 0 | F57: 0 | G57: 0 | H57: 0 | I57: 0 | J57: 0 | K57: 0 | L57: 0 | M57: 0 | N57: 0 | O57: 0 | P57: 0 | Q57: 0 | R57: 0 | S57: 0 | T57: 0 | U57: 0 | V57: 0 | W57: 0 | X57: 0 | Y57: 0 | Z57: 0 | AA57: 0 | AB57: 0 | AC57: 0 | AD57: 0 | AE57: 0 | AF57: 0 | AG57: 0 | AH57: 0 | AI57: 0 | AJ57: 0 | AK57: 0 | AL57: 0 | AM57: 0 | AN57: 0 | AO57: 0 | AP57: 0 | AQ57: 0 | AR57: 0 | AS57: 0 | AT57: 0
B58: 41760 | C58: 0 | D58: 0 | E58: 0 | F58: 0 | G58: 0 | H58: 0 | I58: 0 | J58: 0 | K58: 0 | L58: 0 | M58: 0 | N58: 0 | O58: 0 | P58: 0 | Q58: 0 | R58: 0 | S58: 0 | T58: 0 | U58: 0 | V58: 0 | W58: 0 | X58: 0 | Y58: 0 | Z58: 0 | AA58: 0 | AB58: 0 | AC58: 0 | AD58: 0 | AE58: 0 | AF58: 0 | AG58: 0 | AH58: 0 | AI58: 0 | AJ58: 0 | AK58: 0 | AL58: 0 | AM58: 0 | AN58: 0 | AO58: 0 | AP58: 0 | AQ58: 0 | AR58: 0 | AS58: 0 | AT58: 0 | AU58: 0
B59: 41791 | C59: 0 | D59: 0 | E59: 0 | F59: 0 | G59: 0 | H59: 0 | I59: 0 | J59: 0 | K59: 0 | L59: 0 | M59: 0 | N59: 0 | O59: 0 | P59: 0 | Q59: 0 | R59: 0 | S59: 0 | T59: 0 | U59: 0 | V59: 0 | W59: 0 | X59: 0 | Y59: 0 | Z59: 0 | AA59: 0 | AB59: 0 | AC59: 0 | AD59: 0 | AE59: 0 | AF59: 0 | AG59: 0 | AH59: 0 | AI59: 0 | AJ59: 0 | AK59: 0 | AL59: 0 | AM59: 0 | AN59: 0 | AO59: 0 | AP59: 0 | AQ59: 0 | AR59: 0 | AS59: 0 | AT59: 0 | AU59: 0 | AV59: 0
B60: 41821 | C60: 0 | D60: 0 | E60: 0 | F60: 0 | G60: 0 | H60: 0 | I60: 0 | J60: 0 | K60: 0 | L60: 0 | M60: 0 | N60: 0 | O60: 0 | P60: 0 | Q60: 0 | R60: 0 | S60: 0 | T60: 0 | U60: 0 | V60: 0 | W60: 0 | X60: 0 | Y60: 0 | Z60: 0 | AA60: 0 | AB60: 0 | AC60: 0 | AD60: 0 | AE60: 0 | AF60: 0 | AG60: 0 | AH60: 0 | AI60: 0 | AJ60: 0 | AK60: 0 | AL60: 0 | AM60: 0 | AN60: 0 | AO60: 0 | AP60: 0 | AQ60: 0 | AR60: 0 | AS60: 0 | AT60: 0 | AU60: 0 | AV60: 0 | AW60: 0
B61: 41852 | C61: 0 | D61: 0 | E61: 0 | F61: 0 | G61: 0 | H61: 0 | I61: 0 | J61: 0 | K61: 0 | L61: 0 | M61: 0 | N61: 0 | O61: 0 | P61: 0 | Q61: 0 | R61: 0 | S61: 0 | T61: 0 | U61: 0 | V61: 0 | W61: 0 | X61: 0 | Y61: 0 | Z61: 0 | AA61: 0 | AB61: 0 | AC61: 0 | AD61: 0 | AE61: 0 | AF61: 0 | AG61: 0 | AH61: 0 | AI61: 0 | AJ61: 0 | AK61: 0 | AL61: 0 | AM61: 0 | AN61: 0 | AO61: 0 | AP61: 0 | AQ61: 0 | AR61: 0 | AS61: 0 | AT61: 0 | AU61: 0 | AV61: 0 | AW61: 0 | AX61: 0
B62: 41883 | C62: 0 | D62: 0 | E62: 0 | F62: 0 | G62: 0 | H62: 0 | I62: 0 | J62: 0 | K62: 0 | L62: 0 | M62: 0 | N62: 0 | O62: 0 | P62: 0 | Q62: 0 | R62: 0 | S62: 0 | T62: 0 | U62: 0 | V62: 0 | W62: 0 | X62: 0 | Y62: 0 | Z62: 0 | AA62: 0 | AB62: 0 | AC62: 0 | AD62: 0 | AE62: 0 | AF62: 0 | AG62: 0 | AH62: 0 | AI62: 0 | AJ62: 0 | AK62: 0 | AL62: 0 | AM62: 0 | AN62: 0 | AO62: 0 | AP62: 0 | AQ62: 0 | AR62: 0 | AS62: 0 | AT62: 0 | AU62: 0 | AV62: 0 | AW62: 0 | AX62: 0 | AY62: 0
B63: 41913 | C63: 0 | D63: -0.1 | E63: -0.1 | F63: -0.1 | G63: -0.1 | H63: -0.2 | I63: -0.1 | J63: -0.1 | K63: -0.1 | L63: -0.2 | M63: -0.1 | N63: -0.2 | O63: -0.1 | P63: -0.2 | Q63: -0.1 | R63: -0.1 | S63: -0.2 | T63: -0.2 | U63: -0.2 | V63: -0.1 | W63: -0.2 | X63: -0.1 | Y63: -0.2 | Z63: -0.1 | AA63: -0.1 | AB63: -0.1 | AC63: -0.1 | AD63: -0.1 | AE63: -0.2 | AF63: -0.2 | AG63: -0.2 | AH63: -0.1 | AI63: -0.2 | AJ63: -0.2 | AK63: -0.3 | AL63: -0.2 | AM63: -0.2 | AN63: -0.1 | AO63: -0.2 | AP63: -0.2 | AQ63: -0.2 | AR63: -0.1 | AS63: -0.1 | AT63: -0.2 | AU63: -0.2 | AV63: -0.2 | AW63: -0.2 | AX63: -0.2 | AY63: -0.2 | AZ63: -0.2
B64: 41944 | C64: 0 | D64: 0 | E64: 0 | F64: 0 | G64: 0 | H64: 0 | I64: 0 | J64: 0 | K64: 0 | L64: 0 | M64: 0 | N64: 0 | O64: 0 | P64: 0 | Q64: 0 | R64: 0 | S64: 0 | T64: 0 | U64: 0 | V64: 0 | W64: 0 | X64: 0 | Y64: 0 | Z64: 0 | AA64: 0 | AB64: 0 | AC64: 0 | AD64: 0 | AE64: 0 | AF64: 0 | AG64: 0 | AH64: 0 | AI64: 0 | AJ64: 0 | AK64: 0 | AL64: 0 | AM64: 0 | AN64: 0 | AO64: 0 | AP64: 0 | AQ64: 0 | AR64: 0 | AS64: 0 | AT64: 0 | AU64: 0 | AV64: 0 | AW64: 0 | AX64: 0 | AY64: 0 | AZ64: 0 | BA64: 0
B65: 41974 | C65: 0 | D65: 0 | E65: 0 | F65: 0 | G65: 0 | H65: 0 | I65: 0 | J65: 0 | K65: 0 | L65: 0 | M65: 0 | N65: 0 | O65: 0 | P65: 0 | Q65: 0 | R65: 0 | S65: 0 | T65: 0 | U65: 0 | V65: 0 | W65: 0 | X65: 0 | Y65: 0 | Z65: 0 | AA65: 0 | AB65: 0 | AC65: 0 | AD65: 0 | AE65: 0 | AF65: 0 | AG65: 0 | AH65: 0 | AI65: 0 | AJ65: 0 | AK65: 0 | AL65: 0 | AM65: 0 | AN65: 0 | AO65: 0 | AP65: 0 | AQ65: 0 | AR65: 0 | AS65: 0 | AT65: 0 | AU65: 0 | AV65: 0 | AW65: 0 | AX65: 0 | AY65: 0 | AZ65: 0 | BA65: 0 | BB65: 0
B66: 42005 | C66: 0 | D66: 0 | E66: 0 | F66: 0 | G66: 0 | H66: 0 | I66: 0 | J66: 0 | K66: 0 | L66: 0 | M66: 0 | N66: 0 | O66: 0 | P66: 0 | Q66: 0 | R66: 0 | S66: 0 | T66: 0 | U66: 0 | V66: 0 | W66: 0 | X66: 0 | Y66: 0 | Z66: 0 | AA66: 0 | AB66: 0 | AC66: 0 | AD66: 0 | AE66: 0 | AF66: 0 | AG66: 0 | AH66: 0 | AI66: 0 | AJ66: 0 | AK66: 0 | AL66: 0 | AM66: 0 | AN66: 0 | AO66: 0 | AP66: 0 | AQ66: 0 | AR66: 0 | AS66: 0 | AT66: 0 | AU66: 0 | AV66: 0 | AW66: 0 | AX66: 0 | AY66: 0 | AZ66: 0 | BA66: 0 | BB66: 0 | BC66: 0
B67: 42036 | C67: 0 | D67: 0 | E67: 0 | F67: 0 | G67: 0 | H67: 0 | I67: 0 | J67: 0 | K67: 0 | L67: 0 | M67: 0 | N67: 0 | O67: 0 | P67: 0 | Q67: 0 | R67: 0 | S67: 0 | T67: 0 | U67: 0 | V67: 0 | W67: 0 | X67: 0 | Y67: 0 | Z67: 0 | AA67: 0 | AB67: 0 | AC67: 0 | AD67: 0 | AE67: 0 | AF67: 0 | AG67: 0 | AH67: 0 | AI67: 0 | AJ67: 0 | AK67: 0 | AL67: 0 | AM67: 0 | AN67: 0 | AO67: 0 | AP67: 0 | AQ67: 0 | AR67: 0 | AS67: 0 | AT67: 0 | AU67: 0 | AV67: 0 | AW67: 0 | AX67: 0 | AY67: 0 | AZ67: 0 | BA67: 0 | BB67: 0 | BC67: 0 | BD67: 0
B68: 42064 | C68: 0 | D68: 0 | E68: 0 | F68: 0 | G68: 0 | H68: 0 | I68: 0 | J68: 0 | K68: 0 | L68: 0 | M68: 0 | N68: 0 | O68: 0 | P68: 0 | Q68: 0 | R68: 0 | S68: 0 | T68: 0 | U68: 0 | V68: 0 | W68: 0 | X68: 0 | Y68: 0 | Z68: 0 | AA68: 0 | AB68: 0 | AC68: 0 | AD68: 0 | AE68: 0 | AF68: 0 | AG68: 0 | AH68: 0 | AI68: 0 | AJ68: 0 | AK68: 0 | AL68: 0 | AM68: 0 | AN68: 0 | AO68: 0 | AP68: 0 | AQ68: 0 | AR68: 0 | AS68: 0 | AT68: 0 | AU68: 0 | AV68: 0 | AW68: 0 | AX68: 0 | AY68: 0 | AZ68: 0 | BA68: 0 | BB68: 0 | BC68: 0 | BD68: 0 | BE68: 0
B69: 42095 | C69: 0 | D69: 0 | E69: 0 | F69: 0 | G69: 0 | H69: 0 | I69: 0 | J69: 0 | K69: 0 | L69: 0 | M69: 0 | N69: 0 | O69: 0 | P69: 0 | Q69: 0 | R69: 0 | S69: 0 | T69: 0 | U69: 0 | V69: 0 | W69: 0 | X69: 0 | Y69: 0 | Z69: 0 | AA69: 0 | AB69: 0 | AC69: 0 | AD69: 0 | AE69: 0 | AF69: 0 | AG69: 0 | AH69: 0 | AI69: 0 | AJ69: 0 | AK69: 0 | AL69: 0 | AM69: 0 | AN69: 0 | AO69: 0 | AP69: 0 | AQ69: 0 | AR69: 0 | AS69: 0 | AT69: 0 | AU69: 0 | AV69: 0 | AW69: 0 | AX69: 0 | AY69: 0 | AZ69: 0 | BA69: 0 | BB69: 0 | BC69: 0 | BD69: 0 | BE69: 0 | BF69: 0
B70: 42125 | C70: 0 | D70: 0 | E70: 0 | F70: 0 | G70: 0 | H70: 0 | I70: 0 | J70: 0 | K70: 0 | L70: 0 | M70: 0 | N70: 0 | O70: 0 | P70: 0 | Q70: 0 | R70: 0 | S70: 0 | T70: 0 | U70: 0 | V70: 0 | W70: 0 | X70: 0 | Y70: 0 | Z70: 0 | AA70: 0 | AB70: 0 | AC70: 0 | AD70: 0 | AE70: 0 | AF70: 0 | AG70: 0 | AH70: 0 | AI70: 0 | AJ70: 0 | AK70: 0 | AL70: 0 | AM70: 0 | AN70: 0 | AO70: 0 | AP70: 0 | AQ70: 0 | AR70: 0 | AS70: 0 | AT70: 0 | AU70: 0 | AV70: 0 | AW70: 0 | AX70: 0 | AY70: 0 | AZ70: 0 | BA70: 0 | BB70: 0 | BC70: 0 | BD70: 0 | BE70: 0 | BF70: 0 | BG70: 0
B71: 42156 | C71: 0 | D71: 0 | E71: 0 | F71: 0 | G71: 0 | H71: 0 | I71: 0 | J71: 0 | K71: 0 | L71: 0 | M71: 0 | N71: 0 | O71: 0 | P71: 0 | Q71: 0 | R71: 0 | S71: 0 | T71: 0 | U71: 0 | V71: 0 | W71: 0 | X71: 0 | Y71: 0 | Z71: 0 | AA71: 0 | AB71: 0 | AC71: 0 | AD71: 0 | AE71: 0 | AF71: 0 | AG71: 0 | AH71: 0 | AI71: 0 | AJ71: 0 | AK71: 0 | AL71: 0 | AM71: 0 | AN71: 0 | AO71: 0 | AP71: 0 | AQ71: 0 | AR71: 0 | AS71: 0 | AT71: 0 | AU71: 0 | AV71: 0 | AW71: 0 | AX71: 0 | AY71: 0 | AZ71: 0 | BA71: 0 | BB71: 0 | BC71: 0 | BD71: 0 | BE71: 0 | BF71: 0 | BG71: 0 | BH71: 0
B72: 42186 | C72: 0 | D72: 0 | E72: 0 | F72: 0 | G72: 0 | H72: 0 | I72: 0 | J72: 0 | K72: 0 | L72: 0 | M72: 0 | N72: 0 | O72: 0 | P72: 0 | Q72: 0 | R72: 0 | S72: 0 | T72: 0 | U72: 0 | V72: 0 | W72: 0 | X72: 0 | Y72: 0 | Z72: 0 | AA72: 0 | AB72: 0 | AC72: 0 | AD72: 0 | AE72: 0 | AF72: 0 | AG72: 0 | AH72: 0 | AI72: 0 | AJ72: 0 | AK72: 0 | AL72: 0 | AM72: 0 | AN72: 0 | AO72: 0 | AP72: 0 | AQ72: 0 | AR72: 0 | AS72: 0 | AT72: 0 | AU72: 0 | AV72: 0 | AW72: 0 | AX72: 0 | AY72: 0 | AZ72: 0 | BA72: 0 | BB72: 0 | BC72: 0 | BD72: 0 | BE72: 0 | BF72: 0 | BG72: 0 | BH72: 0 | BI72: 0
B73: 42217 | C73: 0 | D73: 0 | E73: 0 | F73: 0 | G73: 0 | H73: 0 | I73: 0 | J73: 0 | K73: 0 | L73: 0 | M73: 0 | N73: 0 | O73: 0 | P73: 0 | Q73: 0 | R73: 0 | S73: 0 | T73: 0 | U73: 0 | V73: 0 | W73: 0 | X73: 0 | Y73: 0 | Z73: 0 | AA73: 0 | AB73: 0 | AC73: 0 | AD73: 0 | AE73: 0 | AF73: 0 | AG73: 0 | AH73: 0 | AI73: 0 | AJ73: 0 | AK73: 0 | AL73: 0 | AM73: 0 | AN73: 0 | AO73: 0 | AP73: 0 | AQ73: 0 | AR73: 0 | AS73: 0 | AT73: 0 | AU73: 0 | AV73: 0 | AW73: 0 | AX73: 0 | AY73: 0 | AZ73: 0 | BA73: 0 | BB73: 0 | BC73: 0 | BD73: 0 | BE73: 0 | BF73: 0 | BG73: 0 | BH73: 0 | BI73: 0 | BJ73: 0
B74: 42248 | C74: 0 | D74: 0 | E74: 0 | F74: 0 | G74: 0 | H74: 0 | I74: 0 | J74: 0 | K74: 0 | L74: 0 | M74: 0 | N74: 0 | O74: 0 | P74: 0 | Q74: 0 | R74: 0 | S74: 0 | T74: 0 | U74: 0 | V74: 0 | W74: 0 | X74: 0 | Y74: 0 | Z74: 0 | AA74: 0 | AB74: 0 | AC74: 0 | AD74: 0 | AE74: 0 | AF74: 0 | AG74: 0 | AH74: 0 | AI74: 0 | AJ74: 0 | AK74: 0 | AL74: 0 | AM74: 0 | AN74: 0 | AO74: 0 | AP74: 0 | AQ74: 0 | AR74: 0 | AS74: 0 | AT74: 0 | AU74: 0 | AV74: 0 | AW74: 0 | AX74: 0 | AY74: 0 | AZ74: 0 | BA74: 0 | BB74: 0 | BC74: 0 | BD74: 0 | BE74: 0 | BF74: 0 | BG74: 0 | BH74: 0 | BI74: 0 | BJ74: 0 | BK74: 0
B75: 42278 | C75: 0 | D75: 0 | E75: 0 | F75: 0 | G75: 0 | H75: 0 | I75: 0 | J75: 0 | K75: 0 | L75: 0 | M75: 0 | N75: 0 | O75: 0 | P75: 0 | Q75: 0 | R75: 0 | S75: 0 | T75: 0 | U75: 0 | V75: 0 | W75: 0 | X75: 0 | Y75: 0 | Z75: 0 | AA75: 0 | AB75: 0 | AC75: 0 | AD75: 0 | AE75: 0 | AF75: 0 | AG75: 0 | AH75: 0 | AI75: 0 | AJ75: 0 | AK75: 0 | AL75: 0 | AM75: 0 | AN75: 0 | AO75: 0 | AP75: 0 | AQ75: 0 | AR75: 0 | AS75: 0 | AT75: 0 | AU75: 0 | AV75: 0 | AW75: 0 | AX75: 0 | AY75: 0 | AZ75: 0 | BA75: 0 | BB75: 0 | BC75: 0 | BD75: 0 | BE75: 0 | BF75: 0 | BG75: 0 | BH75: 0 | BI75: 0 | BJ75: 0 | BK75: 0 | BL75: 0
B76: 42309 | C76: 0 | D76: 0 | E76: 0 | F76: 0 | G76: 0 | H76: 0 | I76: 0 | J76: 0 | K76: 0 | L76: 0 | M76: 0 | N76: 0 | O76: 0 | P76: 0 | Q76: 0 | R76: 0 | S76: 0 | T76: 0 | U76: 0 | V76: 0 | W76: 0 | X76: 0 | Y76: 0 | Z76: 0 | AA76: 0 | AB76: 0 | AC76: 0 | AD76: 0 | AE76: 0 | AF76: 0 | AG76: 0 | AH76: 0 | AI76: 0 | AJ76: 0 | AK76: 0 | AL76: 0 | AM76: 0 | AN76: 0 | AO76: 0 | AP76: 0 | AQ76: 0 | AR76: 0 | AS76: 0 | AT76: 0 | AU76: 0 | AV76: 0 | AW76: 0 | AX76: 0 | AY76: 0 | AZ76: 0 | BA76: 0 | BB76: 0 | BC76: 0 | BD76: 0 | BE76: 0 | BF76: 0 | BG76: 0 | BH76: 0 | BI76: 0 | BJ76: 0 | BK76: 0 | BL76: 0 | BM76: 0
B77: 42339 | C77: 0 | D77: 0 | E77: 0 | F77: 0 | G77: 0 | H77: 0 | I77: 0 | J77: 0 | K77: 0 | L77: 0 | M77: 0 | N77: 0 | O77: 0 | P77: 0 | Q77: 0 | R77: 0 | S77: 0 | T77: 0 | U77: 0 | V77: 0 | W77: 0 | X77: 0 | Y77: 0 | Z77: 0 | AA77: 0 | AB77: 0 | AC77: 0 | AD77: 0 | AE77: 0 | AF77: 0 | AG77: 0 | AH77: 0 | AI77: 0 | AJ77: 0 | AK77: 0 | AL77: 0 | AM77: 0 | AN77: 0 | AO77: 0 | AP77: 0 | AQ77: 0 | AR77: 0 | AS77: 0 | AT77: 0 | AU77: 0 | AV77: 0 | AW77: 0 | AX77: 0 | AY77: 0 | AZ77: 0 | BA77: 0 | BB77: 0 | BC77: 0 | BD77: 0 | BE77: 0 | BF77: 0 | BG77: 0 | BH77: 0 | BI77: 0 | BJ77: 0 | BK77: 0 | BL77: 0 | BM77: 0 | BN77: 0
B78: 42370 | C78: 0 | D78: 0 | E78: 0 | F78: 0 | G78: 0 | H78: 0 | I78: 0 | J78: 0 | K78: 0 | L78: 0 | M78: 0 | N78: 0 | O78: 0 | P78: 0 | Q78: 0 | R78: 0 | S78: 0 | T78: 0 | U78: 0 | V78: 0 | W78: 0 | X78: 0 | Y78: 0 | Z78: 0 | AA78: 0 | AB78: 0 | AC78: 0 | AD78: 0 | AE78: 0 | AF78: 0 | AG78: 0 | AH78: 0 | AI78: 0 | AJ78: 0 | AK78: 0 | AL78: 0 | AM78: 0 | AN78: 0 | AO78: 0 | AP78: 0 | AQ78: 0 | AR78: 0 | AS78: 0 | AT78: 0 | AU78: 0 | AV78: 0 | AW78: 0 | AX78: 0 | AY78: 0 | AZ78: 0 | BA78: 0 | BB78: 0 | BC78: 0 | BD78: 0 | BE78: 0 | BF78: 0 | BG78: 0 | BH78: 0 | BI78: 0 | BJ78: 0 | BK78: 0 | BL78: 0 | BM78: 0 | BN78: 0 | BO78: 0
B79: 42401 | C79: 0 | D79: 0 | E79: 0 | F79: 0 | G79: 0 | H79: 0 | I79: 0 | J79: 0 | K79: 0 | L79: 0 | M79: 0 | N79: 0 | O79: 0 | P79: 0 | Q79: 0 | R79: 0 | S79: 0 | T79: 0 | U79: 0 | V79: 0 | W79: 0 | X79: 0 | Y79: 0 | Z79: 0 | AA79: 0 | AB79: 0 | AC79: 0 | AD79: 0 | AE79: 0 | AF79: 0 | AG79: 0 | AH79: 0 | AI79: 0 | AJ79: 0 | AK79: 0 | AL79: 0 | AM79: 0 | AN79: 0 | AO79: 0 | AP79: 0 | AQ79: 0 | AR79: 0 | AS79: 0 | AT79: 0 | AU79: 0 | AV79: 0 | AW79: 0 | AX79: 0 | AY79: 0 | AZ79: 0 | BA79: 0 | BB79: 0 | BC79: 0 | BD79: 0 | BE79: 0 | BF79: 0 | BG79: 0 | BH79: 0 | BI79: 0 | BJ79: 0 | BK79: 0 | BL79: 0 | BM79: 0 | BN79: 0 | BO79: 0 | BP79: 0
B80: 42430 | C80: 0 | D80: 0 | E80: 0 | F80: 0 | G80: 0 | H80: 0 | I80: 0 | J80: 0 | K80: 0 | L80: 0 | M80: 0 | N80: 0 | O80: 0 | P80: 0 | Q80: 0 | R80: 0 | S80: 0 | T80: 0 | U80: 0 | V80: 0 | W80: 0 | X80: 0 | Y80: 0 | Z80: 0 | AA80: 0 | AB80: 0 | AC80: 0 | AD80: 0 | AE80: 0 | AF80: 0 | AG80: 0 | AH80: 0 | AI80: 0 | AJ80: 0 | AK80: 0 | AL80: 0 | AM80: 0 | AN80: 0 | AO80: 0 | AP80: 0 | AQ80: 0 | AR80: 0 | AS80: 0 | AT80: 0 | AU80: 0 | AV80: 0 | AW80: 0 | AX80: 0 | AY80: 0 | AZ80: 0 | BA80: 0 | BB80: 0 | BC80: 0 | BD80: 0 | BE80: 0 | BF80: 0 | BG80: 0 | BH80: 0 | BI80: 0 | BJ80: 0 | BK80: 0 | BL80: 0 | BM80: 0 | BN80: 0 | BO80: 0 | BP80: 0 | BQ80: 0
B81: 42461 | C81: 0 | D81: 0 | E81: 0 | F81: 0 | G81: 0 | H81: 0 | I81: 0 | J81: 0 | K81: 0 | L81: 0 | M81: 0 | N81: 0 | O81: 0 | P81: 0 | Q81: 0 | R81: 0 | S81: 0 | T81: 0 | U81: 0 | V81: 0 | W81: 0 | X81: 0 | Y81: 0 | Z81: 0 | AA81: 0 | AB81: 0 | AC81: 0 | AD81: 0 | AE81: 0 | AF81: 0 | AG81: 0 | AH81: 0 | AI81: 0 | AJ81: 0 | AK81: 0 | AL81: 0 | AM81: 0 | AN81: 0 | AO81: 0 | AP81: 0 | AQ81: 0 | AR81: 0 | AS81: 0 | AT81: 0 | AU81: 0 | AV81: 0 | AW81: 0 | AX81: 0 | AY81: 0 | AZ81: 0 | BA81: 0 | BB81: 0 | BC81: 0 | BD81: 0 | BE81: 0 | BF81: 0 | BG81: 0 | BH81: 0 | BI81: 0 | BJ81: 0 | BK81: 0 | BL81: 0 | BM81: 0 | BN81: 0 | BO81: 0 | BP81: 0 | BQ81: 0 | BR81: 0
B82: 42491 | C82: 0 | D82: 0 | E82: 0 | F82: 0 | G82: 0 | H82: 0 | I82: 0 | J82: 0 | K82: 0 | L82: 0 | M82: 0 | N82: 0 | O82: 0 | P82: 0 | Q82: 0 | R82: 0 | S82: 0 | T82: 0 | U82: 0 | V82: 0 | W82: 0 | X82: 0 | Y82: 0 | Z82: 0 | AA82: 0 | AB82: 0 | AC82: 0 | AD82: 0 | AE82: 0.1 | AF82: 0 | AG82: 0 | AH82: -0.1 | AI82: 0 | AJ82: 0 | AK82: 0 | AL82: 0 | AM82: 0 | AN82: 0 | AO82: 0 | AP82: 0 | AQ82: 0.1 | AR82: 0 | AS82: 0 | AT82: 0 | AU82: 0 | AV82: 0 | AW82: 0 | AX82: 0 | AY82: 0.1 | AZ82: 0 | BA82: 0 | BB82: 0 | BC82: 0 | BD82: 0 | BE82: 0 | BF82: 0 | BG82: 0 | BH82: 0 | BI82: 0 | BJ82: 0.1 | BK82: 0 | BL82: 0 | BM82: 0 | BN82: 0.1 | BO82: 0 | BP82: 0 | BQ82: 0 | BR82: 0 | BS82: 0
B83: 42522 | C83: 0 | D83: 0 | E83: 0 | F83: 0 | G83: 0 | H83: 0 | I83: 0 | J83: 0 | K83: 0 | L83: 0 | M83: 0 | N83: 0 | O83: 0 | P83: 0 | Q83: 0 | R83: 0 | S83: 0 | T83: 0 | U83: 0 | V83: 0 | W83: 0 | X83: 0 | Y83: 0 | Z83: 0 | AA83: 0 | AB83: 0 | AC83: 0 | AD83: 0 | AE83: 0 | AF83: 0 | AG83: 0 | AH83: 0 | AI83: 0 | AJ83: 0 | AK83: 0 | AL83: 0 | AM83: 0 | AN83: 0 | AO83: 0 | AP83: 0 | AQ83: 0 | AR83: 0 | AS83: 0 | AT83: 0 | AU83: 0 | AV83: 0 | AW83: 0 | AX83: 0 | AY83: 0 | AZ83: 0 | BA83: 0 | BB83: 0 | BC83: 0 | BD83: 0 | BE83: 0 | BF83: 0 | BG83: 0 | BH83: 0 | BI83: 0 | BJ83: 0 | BK83: 0 | BL83: 0 | BM83: 0 | BN83: 0 | BO83: 0 | BP83: 0 | BQ83: 0 | BR83: 0 | BS83: 0 | BT83: 0
B84: 42552 | C84: 0 | D84: 0 | E84: 0 | F84: 0 | G84: 0 | H84: 0 | I84: 0 | J84: 0 | K84: 0 | L84: 0 | M84: 0 | N84: 0 | O84: 0 | P84: 0 | Q84: 0 | R84: 0 | S84: 0 | T84: 0 | U84: 0 | V84: 0 | W84: 0 | X84: 0 | Y84: 0 | Z84: 0 | AA84: 0 | AB84: 0 | AC84: 0 | AD84: 0 | AE84: 0 | AF84: 0 | AG84: 0 | AH84: 0 | AI84: 0 | AJ84: 0 | AK84: 0 | AL84: 0 | AM84: 0 | AN84: 0 | AO84: 0 | AP84: 0 | AQ84: 0 | AR84: 0 | AS84: 0 | AT84: 0 | AU84: 0 | AV84: 0 | AW84: 0 | AX84: 0 | AY84: 0 | AZ84: 0 | BA84: 0 | BB84: 0 | BC84: 0 | BD84: 0 | BE84: 0 | BF84: 0 | BG84: 0 | BH84: 0 | BI84: 0 | BJ84: 0 | BK84: 0 | BL84: 0 | BM84: 0 | BN84: 0 | BO84: 0 | BP84: 0 | BQ84: 0 | BR84: 0 | BS84: 0 | BT84: 0 | BU84: 0
B85: 42583 | C85: 0 | D85: 0 | E85: 0 | F85: 0 | G85: 0 | H85: 0 | I85: 0 | J85: 0 | K85: 0 | L85: 0 | M85: 0 | N85: 0 | O85: 0 | P85: 0 | Q85: 0 | R85: 0 | S85: 0 | T85: 0 | U85: 0 | V85: 0 | W85: 0 | X85: 0 | Y85: 0 | Z85: 0 | AA85: 0 | AB85: 0 | AC85: 0 | AD85: 0 | AE85: 0 | AF85: 0 | AG85: 0 | AH85: 0 | AI85: 0 | AJ85: 0 | AK85: 0 | AL85: 0 | AM85: 0 | AN85: 0 | AO85: 0 | AP85: 0 | AQ85: 0 | AR85: 0 | AS85: 0 | AT85: 0 | AU85: 0 | AV85: 0 | AW85: 0 | AX85: 0 | AY85: 0 | AZ85: 0 | BA85: 0 | BB85: 0 | BC85: 0 | BD85: 0 | BE85: 0 | BF85: 0 | BG85: 0 | BH85: 0 | BI85: 0 | BJ85: 0 | BK85: 0 | BL85: 0 | BM85: 0 | BN85: 0 | BO85: 0 | BP85: 0 | BQ85: 0 | BR85: 0 | BS85: 0 | BT85: 0 | BU85: 0 | BV85: 0
B86: 42614 | C86: 0 | D86: 0 | E86: 0 | F86: 0 | G86: 0 | H86: 0 | I86: 0 | J86: 0 | K86: 0 | L86: 0 | M86: 0 | N86: 0 | O86: 0 | P86: 0 | Q86: 0 | R86: 0 | S86: 0 | T86: 0 | U86: 0 | V86: 0 | W86: 0 | X86: 0 | Y86: 0 | Z86: 0 | AA86: 0 | AB86: 0 | AC86: 0 | AD86: 0 | AE86: 0 | AF86: 0 | AG86: 0 | AH86: 0 | AI86: 0 | AJ86: 0 | AK86: 0 | AL86: 0 | AM86: 0 | AN86: 0 | AO86: 0 | AP86: 0 | AQ86: 0 | AR86: 0 | AS86: 0 | AT86: 0 | AU86: 0 | AV86: 0 | AW86: 0 | AX86: 0 | AY86: 0 | AZ86: 0 | BA86: 0 | BB86: 0 | BC86: 0 | BD86: 0 | BE86: 0 | BF86: 0 | BG86: 0 | BH86: 0 | BI86: 0 | BJ86: 0 | BK86: 0 | BL86: 0 | BM86: 0 | BN86: 0 | BO86: 0 | BP86: 0 | BQ86: 0 | BR86: 0 | BS86: 0 | BT86: 0 | BU86: 0 | BV86: 0 | BW86: 0
B87: 42644 | C87: 0 | D87: 0 | E87: 0 | F87: 0 | G87: 0 | H87: 0 | I87: 0 | J87: 0 | K87: 0 | L87: 0 | M87: 0 | N87: 0 | O87: 0 | P87: 0 | Q87: 0 | R87: 0 | S87: 0 | T87: 0 | U87: 0 | V87: 0 | W87: 0 | X87: 0 | Y87: 0 | Z87: 0 | AA87: 0 | AB87: 0 | AC87: 0 | AD87: 0 | AE87: 0 | AF87: 0 | AG87: 0 | AH87: 0 | AI87: 0 | AJ87: 0 | AK87: 0 | AL87: 0 | AM87: 0 | AN87: 0 | AO87: 0 | AP87: 0 | AQ87: 0 | AR87: 0 | AS87: 0 | AT87: 0 | AU87: 0 | AV87: 0 | AW87: 0 | AX87: 0 | AY87: 0 | AZ87: 0 | BA87: 0 | BB87: 0 | BC87: 0 | BD87: 0 | BE87: 0 | BF87: 0 | BG87: 0 | BH87: 0 | BI87: 0 | BJ87: 0 | BK87: 0 | BL87: 0 | BM87: 0 | BN87: 0 | BO87: 0 | BP87: 0 | BQ87: 0 | BR87: 0 | BS87: 0 | BT87: 0 | BU87: 0 | BV87: 0 | BW87: 0 | BX87: 0
B88: 42675 | C88: 0 | D88: 0 | E88: 0 | F88: 0 | G88: 0 | H88: 0 | I88: 0 | J88: 0 | K88: 0 | L88: 0 | M88: 0 | N88: 0 | O88: 0 | P88: 0 | Q88: 0 | R88: 0 | S88: 0 | T88: 0 | U88: 0 | V88: 0 | W88: 0 | X88: 0 | Y88: 0 | Z88: 0 | AA88: 0 | AB88: 0 | AC88: 0 | AD88: 0 | AE88: 0 | AF88: 0 | AG88: 0 | AH88: 0 | AI88: 0 | AJ88: 0 | AK88: 0 | AL88: 0 | AM88: 0 | AN88: 0 | AO88: 0 | AP88: 0 | AQ88: 0 | AR88: 0 | AS88: 0 | AT88: 0 | AU88: 0 | AV88: 0 | AW88: 0 | AX88: 0 | AY88: 0 | AZ88: 0 | BA88: 0 | BB88: 0 | BC88: 0 | BD88: 0 | BE88: 0 | BF88: 0 | BG88: 0 | BH88: 0 | BI88: 0 | BJ88: 0 | BK88: 0 | BL88: 0 | BM88: 0 | BN88: 0 | BO88: 0 | BP88: 0 | BQ88: 0 | BR88: 0 | BS88: 0 | BT88: 0 | BU88: 0 | BV88: 0 | BW88: 0 | BX88: 0 | BY88: 0
B89: 42705 | C89: 0 | D89: 0 | E89: 0 | F89: 0 | G89: 0 | H89: 0 | I89: 0 | J89: 0 | K89: 0 | L89: 0 | M89: 0 | N89: 0 | O89: 0 | P89: 0 | Q89: 0 | R89: 0 | S89: 0 | T89: 0 | U89: 0 | V89: 0 | W89: 0 | X89: 0 | Y89: 0 | Z89: 0 | AA89: 0 | AB89: 0 | AC89: 0 | AD89: 0 | AE89: 0 | AF89: 0 | AG89: 0 | AH89: 0 | AI89: 0 | AJ89: 0 | AK89: 0 | AL89: 0 | AM89: 0 | AN89: 0 | AO89: 0 | AP89: 0 | AQ89: 0 | AR89: 0 | AS89: 0 | AT89: 0 | AU89: 0 | AV89: 0 | AW89: 0 | AX89: 0 | AY89: 0 | AZ89: 0 | BA89: 0 | BB89: 0 | BC89: 0 | BD89: 0 | BE89: 0 | BF89: 0 | BG89: 0 | BH89: 0 | BI89: 0 | BJ89: 0 | BK89: 0 | BL89: 0 | BM89: 0 | BN89: 0 | BO89: 0 | BP89: 0 | BQ89: 0 | BR89: 0 | BS89: 0 | BT89: 0 | BU89: 0 | BV89: 0 | BW89: 0 | BX89: 0 | BY89: 0 | BZ89: 0
B90: 42736 | C90: 0 | D90: 0 | E90: 0 | F90: 0 | G90: 0 | H90: 0 | I90: 0 | J90: 0 | K90: 0 | L90: 0 | M90: 0 | N90: 0 | O90: 0 | P90: 0 | Q90: 0 | R90: 0 | S90: 0 | T90: 0 | U90: 0 | V90: 0 | W90: 0 | X90: 0 | Y90: 0 | Z90: 0 | AA90: 0 | AB90: 0 | AC90: 0 | AD90: 0 | AE90: 0 | AF90: 0 | AG90: 0 | AH90: 0 | AI90: 0 | AJ90: 0 | AK90: 0 | AL90: 0 | AM90: 0 | AN90: 0 | AO90: 0 | AP90: 0 | AQ90: 0 | AR90: 0 | AS90: 0 | AT90: 0 | AU90: 0 | AV90: 0 | AW90: 0 | AX90: 0 | AY90: 0 | AZ90: 0 | BA90: 0 | BB90: 0 | BC90: 0 | BD90: 0 | BE90: 0 | BF90: 0 | BG90: 0 | BH90: 0 | BI90: 0 | BJ90: 0 | BK90: 0 | BL90: 0 | BM90: 0 | BN90: 0 | BO90: 0 | BP90: 0 | BQ90: 0 | BR90: 0 | BS90: 0 | BT90: 0 | BU90: 0 | BV90: 0 | BW90: 0 | BX90: 0 | BY90: 0 | BZ90: 0 | CA90: 0
B91: 42767 | C91: 0 | D91: 0 | E91: 0 | F91: 0 | G91: 0 | H91: 0 | I91: 0 | J91: 0 | K91: 0 | L91: 0 | M91: 0 | N91: 0 | O91: 0 | P91: 0 | Q91: 0 | R91: 0 | S91: 0 | T91: 0 | U91: 0 | V91: 0 | W91: 0 | X91: 0 | Y91: 0 | Z91: 0 | AA91: 0 | AB91: 0 | AC91: 0 | AD91: 0 | AE91: 0 | AF91: 0 | AG91: 0 | AH91: 0 | AI91: 0 | AJ91: 0 | AK91: 0 | AL91: 0 | AM91: 0 | AN91: 0 | AO91: 0 | AP91: 0 | AQ91: 0 | AR91: 0 | AS91: 0 | AT91: 0 | AU91: 0 | AV91: 0 | AW91: 0 | AX91: 0 | AY91: 0 | AZ91: 0 | BA91: 0 | BB91: 0 | BC91: 0 | BD91: 0 | BE91: 0 | BF91: 0 | BG91: 0 | BH91: 0 | BI91: 0 | BJ91: 0 | BK91: 0 | BL91: 0 | BM91: 0 | BN91: 0 | BO91: 0 | BP91: 0 | BQ91: 0 | BR91: 0 | BS91: 0 | BT91: 0 | BU91: 0 | BV91: 0 | BW91: 0 | BX91: 0 | BY91: 0 | BZ91: 0 | CA91: 0 | CB91: 0
B92: 42795 | C92: 0 | D92: 0 | E92: 0 | F92: 0 | G92: 0 | H92: 0 | I92: 0 | J92: 0 | K92: 0 | L92: 0 | M92: 0 | N92: 0 | O92: 0 | P92: 0 | Q92: 0 | R92: 0 | S92: 0 | T92: 0 | U92: 0 | V92: 0 | W92: 0 | X92: 0 | Y92: 0 | Z92: 0 | AA92: 0 | AB92: 0 | AC92: 0 | AD92: 0 | AE92: 0 | AF92: 0 | AG92: 0 | AH92: 0 | AI92: 0 | AJ92: 0 | AK92: 0 | AL92: 0 | AM92: 0 | AN92: 0 | AO92: 0 | AP92: 0 | AQ92: 0 | AR92: 0 | AS92: 0 | AT92: 0 | AU92: 0 | AV92: 0 | AW92: 0 | AX92: 0 | AY92: 0 | AZ92: 0 | BA92: 0 | BB92: 0 | BC92: 0 | BD92: 0 | BE92: 0 | BF92: 0 | BG92: 0 | BH92: 0 | BI92: 0 | BJ92: 0 | BK92: 0 | BL92: 0 | BM92: 0 | BN92: 0 | BO92: 0 | BP92: 0 | BQ92: 0 | BR92: 0 | BS92: 0 | BT92: 0 | BU92: 0 | BV92: 0 | BW92: 0 | BX92: 0 | BY92: 0 | BZ92: 0 | CA92: 0 | CB92: 0 | CC92: 0
B93: 42826 | C93: 0 | D93: 0 | E93: 0 | F93: 0 | G93: 0 | H93: 0 | I93: 0 | J93: 0 | K93: 0 | L93: 0 | M93: 0 | N93: 0 | O93: 0 | P93: 0 | Q93: 0 | R93: 0 | S93: 0 | T93: 0 | U93: 0 | V93: 0 | W93: 0 | X93: 0 | Y93: 0 | Z93: 0 | AA93: 0 | AB93: 0 | AC93: 0 | AD93: 0 | AE93: 0 | AF93: 0 | AG93: 0 | AH93: 0 | AI93: 0 | AJ93: 0 | AK93: 0 | AL93: 0 | AM93: 0 | AN93: 0 | AO93: 0 | AP93: 0 | AQ93: 0 | AR93: 0 | AS93: 0 | AT93: 0 | AU93: 0 | AV93: 0 | AW93: 0 | AX93: 0 | AY93: 0 | AZ93: 0 | BA93: 0 | BB93: 0 | BC93: 0 | BD93: 0 | BE93: 0 | BF93: 0 | BG93: 0 | BH93: 0 | BI93: 0 | BJ93: 0 | BK93: 0 | BL93: 0 | BM93: 0 | BN93: 0 | BO93: 0 | BP93: 0 | BQ93: 0 | BR93: 0 | BS93: 0 | BT93: 0 | BU93: 0 | BV93: 0 | BW93: 0 | BX93: 0 | BY93: 0 | BZ93: 0 | CA93: 0 | CB93: 0 | CC93: 0 | CD93: 0
B94: 42856 | C94: 0 | D94: 0 | E94: 0 | F94: 0 | G94: 0 | H94: 0 | I94: 0 | J94: 0 | K94: 0 | L94: 0 | M94: 0 | N94: 0 | O94: 0 | P94: 0 | Q94: 0 | R94: 0 | S94: 0 | T94: 0 | U94: 0 | V94: 0 | W94: 0 | X94: 0 | Y94: 0 | Z94: 0 | AA94: 0 | AB94: 0 | AC94: 0 | AD94: 0 | AE94: 0 | AF94: 0 | AG94: 0 | AH94: 0.1 | AI94: 0 | AJ94: 0 | AK94: 0 | AL94: 0 | AM94: 0 | AN94: 0 | AO94: 0 | AP94: 0.1 | AQ94: 0 | AR94: 0 | AS94: 0 | AT94: 0 | AU94: 0 | AV94: 0 | AW94: 0 | AX94: 0 | AY94: -0.1 | AZ94: 0 | BA94: 0 | BB94: 0 | BC94: 0 | BD94: 0 | BE94: 0 | BF94: 0 | BG94: 0 | BH94: -0.1 | BI94: 0 | BJ94: -0.1 | BK94: 0 | BL94: 0 | BM94: 0 | BN94: 0 | BO94: 0.1 | BP94: 0.1 | BQ94: 0 | BR94: 0 | BS94: 0 | BT94: 0 | BU94: 0 | BV94: 0 | BW94: -0.1 | BX94: 0 | BY94: 0 | BZ94: -0.1 | CA94: 0 | CB94: 0 | CC94: 0 | CD94: 0 | CE94: 0
B95: 42887 | C95: 0 | D95: 0 | E95: 0 | F95: 0 | G95: 0 | H95: 0 | I95: 0 | J95: 0 | K95: 0 | L95: 0 | M95: 0 | N95: 0 | O95: 0 | P95: 0 | Q95: 0 | R95: 0 | S95: 0 | T95: 0 | U95: 0 | V95: 0 | W95: 0 | X95: 0 | Y95: 0 | Z95: 0 | AA95: 0 | AB95: 0 | AC95: 0 | AD95: 0 | AE95: 0 | AF95: 0 | AG95: 0 | AH95: 0 | AI95: 0 | AJ95: 0 | AK95: 0 | AL95: 0 | AM95: 0 | AN95: 0 | AO95: 0 | AP95: 0 | AQ95: 0 | AR95: 0 | AS95: 0 | AT95: 0 | AU95: 0 | AV95: 0 | AW95: 0 | AX95: 0 | AY95: 0 | AZ95: 0 | BA95: 0 | BB95: 0 | BC95: 0 | BD95: 0 | BE95: 0 | BF95: 0 | BG95: 0 | BH95: 0 | BI95: 0 | BJ95: 0 | BK95: 0 | BL95: 0 | BM95: 0 | BN95: 0 | BO95: 0 | BP95: 0 | BQ95: 0 | BR95: 0 | BS95: 0 | BT95: 0 | BU95: 0 | BV95: 0 | BW95: 0 | BX95: 0 | BY95: 0 | BZ95: 0 | CA95: 0 | CB95: 0 | CC95: 0 | CD95: 0 | CE95: 0 | CF95: 0
B96: 42917 | C96: 0 | D96: 0 | E96: 0 | F96: 0 | G96: 0 | H96: 0 | I96: 0 | J96: 0 | K96: 0 | L96: 0 | M96: 0 | N96: 0 | O96: 0 | P96: 0 | Q96: 0 | R96: 0 | S96: 0 | T96: 0 | U96: 0 | V96: 0 | W96: 0 | X96: 0 | Y96: 0 | Z96: 0 | AA96: 0 | AB96: 0 | AC96: 0 | AD96: 0 | AE96: 0 | AF96: 0 | AG96: 0 | AH96: 0 | AI96: 0 | AJ96: 0 | AK96: 0 | AL96: 0 | AM96: 0 | AN96: 0 | AO96: 0 | AP96: 0 | AQ96: 0 | AR96: 0 | AS96: 0 | AT96: 0 | AU96: 0 | AV96: 0 | AW96: 0 | AX96: 0 | AY96: 0 | AZ96: 0 | BA96: 0 | BB96: 0 | BC96: 0 | BD96: 0 | BE96: 0 | BF96: 0 | BG96: 0 | BH96: 0 | BI96: 0 | BJ96: 0 | BK96: 0 | BL96: 0 | BM96: 0 | BN96: 0 | BO96: 0 | BP96: 0 | BQ96: 0 | BR96: 0 | BS96: 0 | BT96: 0 | BU96: 0 | BV96: 0 | BW96: 0 | BX96: 0 | BY96: 0 | BZ96: 0 | CA96: 0 | CB96: 0 | CC96: 0 | CD96: 0 | CE96: 0 | CF96: 0 | CG96: 0
B97: 42948 | C97: 0 | D97: 0 | E97: 0 | F97: 0 | G97: 0 | H97: 0 | I97: 0 | J97: 0 | K97: 0 | L97: 0 | M97: 0 | N97: 0 | O97: 0 | P97: 0 | Q97: 0 | R97: 0 | S97: 0 | T97: 0 | U97: 0 | V97: 0 | W97: 0 | X97: 0 | Y97: 0 | Z97: 0 | AA97: 0 | AB97: 0 | AC97: 0 | AD97: 0 | AE97: 0 | AF97: 0 | AG97: 0 | AH97: 0 | AI97: 0 | AJ97: 0 | AK97: 0 | AL97: 0 | AM97: 0 | AN97: 0 | AO97: 0 | AP97: 0 | AQ97: 0 | AR97: 0 | AS97: 0 | AT97: 0 | AU97: 0 | AV97: 0 | AW97: 0 | AX97: 0 | AY97: 0 | AZ97: 0 | BA97: 0 | BB97: 0 | BC97: 0 | BD97: 0 | BE97: 0 | BF97: 0 | BG97: 0 | BH97: 0 | BI97: 0 | BJ97: 0 | BK97: 0 | BL97: 0 | BM97: 0 | BN97: 0 | BO97: 0 | BP97: 0 | BQ97: 0 | BR97: 0 | BS97: 0 | BT97: 0 | BU97: 0 | BV97: 0 | BW97: 0 | BX97: 0 | BY97: 0 | BZ97: 0 | CA97: 0 | CB97: 0 | CC97: 0 | CD97: 0 | CE97: 0 | CF97: 0 | CG97: 0 | CH97: 0
B98: 42979 | C98: 0 | D98: 0 | E98: 0 | F98: 0 | G98: 0 | H98: 0 | I98: 0 | J98: 0 | K98: 0 | L98: 0 | M98: 0 | N98: 0 | O98: 0 | P98: 0 | Q98: 0 | R98: 0 | S98: 0 | T98: 0 | U98: 0 | V98: 0 | W98: 0 | X98: 0 | Y98: 0 | Z98: 0 | AA98: 0 | AB98: 0 | AC98: 0 | AD98: 0 | AE98: 0 | AF98: 0 | AG98: 0 | AH98: 0 | AI98: 0 | AJ98: 0 | AK98: 0 | AL98: 0 | AM98: 0 | AN98: 0 | AO98: 0 | AP98: 0 | AQ98: 0 | AR98: 0 | AS98: 0 | AT98: 0 | AU98: 0 | AV98: 0 | AW98: 0 | AX98: 0 | AY98: 0 | AZ98: 0 | BA98: 0 | BB98: 0 | BC98: 0 | BD98: 0 | BE98: 0 | BF98: 0 | BG98: 0 | BH98: 0 | BI98: 0 | BJ98: 0 | BK98: 0 | BL98: 0 | BM98: 0 | BN98: 0 | BO98: 0 | BP98: 0 | BQ98: 0 | BR98: 0 | BS98: 0 | BT98: 0 | BU98: 0 | BV98: 0 | BW98: 0 | BX98: 0 | BY98: 0 | BZ98: 0 | CA98: 0 | CB98: 0 | CC98: 0 | CD98: 0 | CE98: 0 | CF98: 0 | CG98: 0 | CH98: 0 | CI98: 0
B99: 43009 | C99: 0 | D99: 0 | E99: 0 | F99: 0 | G99: 0 | H99: 0 | I99: 0 | J99: 0 | K99: 0 | L99: 0 | M99: 0 | N99: 0 | O99: 0 | P99: 0 | Q99: 0 | R99: 0 | S99: 0 | T99: 0 | U99: 0 | V99: 0 | W99: 0 | X99: 0 | Y99: 0 | Z99: 0 | AA99: 0 | AB99: 0 | AC99: 0 | AD99: 0 | AE99: 0 | AF99: 0 | AG99: 0 | AH99: 0 | AI99: 0 | AJ99: 0 | AK99: 0 | AL99: 0 | AM99: 0 | AN99: 0 | AO99: 0 | AP99: 0 | AQ99: 0 | AR99: 0 | AS99: 0 | AT99: 0 | AU99: 0 | AV99: 0 | AW99: 0 | AX99: 0 | AY99: 0 | AZ99: 0 | BA99: 0 | BB99: 0 | BC99: 0 | BD99: 0 | BE99: 0 | BF99: 0 | BG99: 0 | BH99: 0 | BI99: 0 | BJ99: 0 | BK99: 0 | BL99: 0 | BM99: 0 | BN99: 0 | BO99: 0 | BP99: 0 | BQ99: 0 | BR99: 0 | BS99: 0 | BT99: 0 | BU99: 0 | BV99: 0 | BW99: 0 | BX99: 0 | BY99: 0 | BZ99: 0 | CA99: 0 | CB99: 0 | CC99: 0 | CD99: 0 | CE99: 0 | CF99: 0 | CG99: 0 | CH99: 0 | CI99: 0 | CJ99: 0
B100: 43040 | C100: 0 | D100: 0 | E100: 0 | F100: 0 | G100: 0 | H100: 0 | I100: 0 | J100: 0 | K100: 0 | L100: 0 | M100: 0 | N100: 0 | O100: 0 | P100: 0 | Q100: 0 | R100: 0 | S100: 0 | T100: 0 | U100: 0 | V100: 0 | W100: 0 | X100: 0 | Y100: 0 | Z100: 0 | AA100: 0 | AB100: 0 | AC100: 0 | AD100: 0 | AE100: 0 | AF100: 0 | AG100: 0 | AH100: 0 | AI100: 0 | AJ100: 0 | AK100: 0 | AL100: 0 | AM100: 0 | AN100: 0 | AO100: 0 | AP100: 0 | AQ100: 0 | AR100: 0 | AS100: 0 | AT100: 0 | AU100: 0 | AV100: 0 | AW100: 0 | AX100: 0 | AY100: 0 | AZ100: 0 | BA100: 0 | BB100: 0 | BC100: 0 | BD100: 0 | BE100: 0 | BF100: 0 | BG100: 0 | BH100: 0 | BI100: 0 | BJ100: 0 | BK100: 0 | BL100: 0 | BM100: 0 | BN100: 0 | BO100: 0 | BP100: 0 | BQ100: 0 | BR100: 0 | BS100: 0 | BT100: 0 | BU100: 0 | BV100: 0 | BW100: 0 | BX100: 0 | BY100: 0 | BZ100: 0 | CA100: 0 | CB100: 0 | CC100: 0 | CD100: 0 | CE100: 0 | CF100: 0 | CG100: 0 | CH100: 0 | CI100: 0 | CJ100: 0 | CK100: 0
B101: 43070 | C101: 0 | D101: 0 | E101: 0 | F101: 0 | G101: 0 | H101: 0 | I101: 0 | J101: 0 | K101: 0 | L101: 0 | M101: 0 | N101: 0 | O101: 0 | P101: 0 | Q101: 0 | R101: 0 | S101: 0 | T101: 0 | U101: 0 | V101: 0 | W101: 0 | X101: 0 | Y101: 0 | Z101: 0 | AA101: 0 | AB101: 0 | AC101: 0 | AD101: 0 | AE101: 0 | AF101: 0 | AG101: 0 | AH101: 0 | AI101: 0 | AJ101: 0 | AK101: 0 | AL101: 0 | AM101: 0 | AN101: 0 | AO101: 0 | AP101: 0 | AQ101: 0 | AR101: 0 | AS101: 0 | AT101: 0 | AU101: 0 | AV101: 0 | AW101: 0 | AX101: 0 | AY101: 0 | AZ101: 0 | BA101: 0 | BB101: 0 | BC101: 0 | BD101: 0 | BE101: 0 | BF101: 0 | BG101: 0 | BH101: 0 | BI101: 0 | BJ101: 0 | BK101: 0 | BL101: 0 | BM101: 0 | BN101: 0 | BO101: 0 | BP101: 0 | BQ101: 0 | BR101: 0 | BS101: 0 | BT101: 0 | BU101: 0 | BV101: 0 | BW101: 0 | BX101: 0 | BY101: 0 | BZ101: 0 | CA101: 0 | CB101: 0 | CC101: 0 | CD101: 0 | CE101: 0 | CF101: 0 | CG101: 0 | CH101: 0 | CI101: 0 | CJ101: 0 | CK101: 0 | CL101: 0
B102: 43101 | C102: 0 | D102: 0 | E102: 0 | F102: 0 | G102: 0 | H102: 0 | I102: 0 | J102: 0 | K102: 0 | L102: 0 | M102: 0 | N102: 0 | O102: 0 | P102: 0 | Q102: 0 | R102: 0 | S102: 0 | T102: 0 | U102: 0 | V102: 0 | W102: 0 | X102: 0 | Y102: 0 | Z102: 0 | AA102: 0 | AB102: 0 | AC102: 0 | AD102: 0 | AE102: 0 | AF102: 0 | AG102: 0 | AH102: 0 | AI102: 0 | AJ102: 0 | AK102: 0 | AL102: 0 | AM102: 0 | AN102: 0 | AO102: 0 | AP102: 0 | AQ102: 0 | AR102: 0 | AS102: 0 | AT102: 0 | AU102: 0 | AV102: 0 | AW102: 0 | AX102: 0 | AY102: 0 | AZ102: 0 | BA102: 0 | BB102: 0 | BC102: 0 | BD102: 0 | BE102: 0 | BF102: 0 | BG102: 0 | BH102: 0 | BI102: 0 | BJ102: 0 | BK102: 0 | BL102: 0 | BM102: 0 | BN102: 0 | BO102: 0 | BP102: 0 | BQ102: 0 | BR102: 0 | BS102: 0 | BT102: 0 | BU102: 0 | BV102: 0 | BW102: 0 | BX102: 0 | BY102: 0 | BZ102: 0 | CA102: 0 | CB102: 0 | CC102: 0 | CD102: 0 | CE102: 0 | CF102: 0 | CG102: 0 | CH102: 0 | CI102: 0 | CJ102: 0 | CK102: 0 | CL102: 0 | CM102: 0
...

Sheet comments
B1: This spreadsheet provides a revisions analysis for the employment rate for those aged from 16 to 64.
B4: Comments
B7: Period Revised | C7: Publication Date | D7: Cause of Revision
B8: From 2002 | C8: 14 September 2005 | D8: To take account of the latest population estimates and the annual
D9: review of Labour Force Survey data seasonal adjustment.
B10: From 2003 | C10: 18 October 2006 | D10: Annual seasonal adjustment review and incorporating latest
D11: population estimates.
B12: From 2000 | C12: 14 November 2007 | D12: Incorporation of latest population estimates.
B13: From 1992 | C13: 14 May 2008 | D13: Reweighting of population estimates and review of seasonal
D14: adjustment.
B15: From 2006 | C15: 15 October 2008 | D15: Incorporation of latest population estimates.
D16: Annual seasonal adjustment review and incorporating latest
B17: From 2007 | C17: 11 November 2009 | D17: population estimates.
B18: From 2006 | C18: 17 February 2010 | D18: Full re-weighting of LFS population estimates.
B19: From 1992 | C19: 11 August 2010 | D19: Review of Labour Force Survey data seasonal adjustment.
B20: From 2001 | C20: 18 May 2011 | D20: Incorporation of latest population estimates.
B21: From 2009 | C21: 15 August 2012 | D21: To take account of the latest population estimates and the annual
D22: review of Labour Force Survey data seasonal adjustment.
B23: From 2001 | C23: 15 October 2014 | D23: To take account of the Census 2011 population estimates and the
D24: annual review of Labour Force Survey data seasonal adjustment.
B25: From 2012 | C25: 18 May 2016 | D25: To take account of the latest population estimates and the annual
D26: review of Labour Force Survey data seasonal adjustment.
B27: From 2012 | C27: 17 May 2017 | D27: To take account of the latest population estimates and the annual
D28: review of Labour Force Survey data seasonal adjustment.
B29: From 2011 | C29: 19 February 2019 | D29: To take account of the latest population estimates and the annual
D30: review of Labour Force Survey data seasonal adjustment.
B31: From May 2020 | C31: 44481 | D31: To take in to account the latest population estimates adjusted for non-response bias due to Covid-19 pandemic
B32: From 2020 | C32: 44392 | D32: To take in to account the latest population estimates adjusted for non-response bias due to Covid-19 pandemic
B33: From January to March 2020 | C33: 44726 | D33: Reweighting of estimates back to January to March 2020
B34: From June-August 2011 to June-August 2022 | C34: 45335 | D34: Modelling of estimates from June-August 2011 to June-August 2022 for consistency with reweighted data from July-September 2022
B35: From July-September 2022 to September-November 2023 | C35: 45335 | D35: Reweighting of estimates back to July-September 2022
B36: From June - August 2011 to December -February 2019 | C36: 45643 | D36: Modelling of estimates from June-August 2011 to December 2018-February 2019 for consistency with reweighted data from January to March 2019
B37: From January - March 2019 to July – September 2024 | C37: 45643 | D37: Reweighting of estimates back to January – March 2019
B38: From January - March 2019 to October to December 2024 | C38: 45736 | D38: Revised data due to seasonal adjustment review

Sheet after 12 Months
B1: Revisions spreadsheet for monthly data 1st Estimate after 12 Months
B2: (Please note that each worksheet in this file contains calculations for one indicator)
B3: =triangle!B6 -> Relating to Period (three months ending) | C3: First Estimate | D3: Value 12 Months later | E3: Revision | F3: r(t-1) | G3: Abs (rev) | I3: Standard t-test | K3: Adjusted t-stat
I4: n | J4: =COUNT(E6:E65) -> 60 | K4: alpha | L4: =CORREL(E6:E65,F6:F65) -> 0.77077064
I5: rbar | J5: =AVERAGE(E6:E65) -> -0.22630449 | K5: s*^2 | L5: =((1+L4)/(1-L4))*J6 -> 0.53557872
B6: =triangle!$DN$6 -> 43831 | C6: =triangle!$DN$9 -> 76.5 | D6: =triangle!$DN$10 -> 76.5 | E6: =IF(OR(C6="N/A",D6="N/A",ISBLANK(C6),ISBLANK(D6)),"",D6-C6) -> 0 | G6: =IF(ISTEXT(E6),"",ABS(E6)) -> 0 | I6: s^2 | J6: =VARP(E6:E65) -> 0.069331604 | K6: n* | L6: =ROUNDUP(N8,0) -> 16
B7: =triangle!$DO$6 -> 43862 | C7: =triangle!$DO$9 -> 76.6 | D7: =triangle!$DO$10 -> 76.6 | E7: =IF(OR(C7="N/A",D7="N/A",ISBLANK(C7),ISBLANK(D7)),"",D7-C7) -> 0 | F7: =IF(ISBLANK(E6)," ",E6) -> 0 | G7: =IF(ISTEXT(E7),"",ABS(E7)) -> 0 | I7: t | J7: =J5/SQRT(J6/J4) -> -6.6573773 | K7: t* | L7: =J5/SQRT(L5/J4) -> -2.3952847
B8: =triangle!$DP$6 -> 43891 | C8: =triangle!$DP$9 -> 76.6 | D8: =triangle!$DP$10 -> 76.340152 | E8: =IF(OR(C8="N/A",D8="N/A",ISBLANK(C8),ISBLANK(D8)),"",D8-C8) -> -0.25984839 | F8: =IF(ISBLANK(E7)," ",E7) -> 0 | G8: =IF(ISTEXT(E8),"",ABS(E8)) -> 0.25984839 | I8: t-crit | J8: =TINV(0.05,J4) -> 2.0002978 | K8: t*-crit | L8: =TINV(0.05,L6) -> 2.1199053 | M8: n* | N8: =((1-(L4^2))/(1+(L4^2)))*J4 -> 15.278182
B9: =triangle!$DQ$6 -> 43922 | C9: =triangle!$DQ$9 -> 76.4 | D9: =triangle!$DQ$10 -> 76.023623 | E9: =IF(OR(C9="N/A",D9="N/A",ISBLANK(C9),ISBLANK(D9)),"",D9-C9) -> -0.37637667 | F9: =IF(ISBLANK(E8)," ",E8) -> -0.25984839 | G9: =IF(ISTEXT(E9),"",ABS(E9)) -> 0.37637667 | I9: significant or not? | J9: =IF(ABS(J7)>J8,"Yes", "No") -> Yes | K9: significant or not? | L9: =IF(ABS(L7)>L8,"Yes", "No") -> Yes
B10: =triangle!$DR$6 -> 43952 | C10: =triangle!$DR$9 -> 76.4 | D10: =triangle!$DR$10 -> 75.8418 | E10: =IF(OR(C10="N/A",D10="N/A",ISBLANK(C10),ISBLANK(D10)),"",D10-C10) -> -0.55819997 | F10: =IF(ISBLANK(E9)," ",E9) -> -0.37637667 | G10: =IF(ISTEXT(E10),"",ABS(E10)) -> 0.55819997
B11: =triangle!$DS$6 -> 43983 | C11: =triangle!$DS$9 -> 76.4 | D11: =triangle!$DS$10 -> 75.748395 | E11: =IF(OR(C11="N/A",D11="N/A",ISBLANK(C11),ISBLANK(D11)),"",D11-C11) -> -0.65160513 | F11: =IF(ISBLANK(E10)," ",E10) -> -0.55819997 | G11: =IF(ISTEXT(E11),"",ABS(E11)) -> 0.65160513 | I11: Test for bias | K11: Mean Revision = | L11: =AVERAGE(E6:E65) -> -0.22630449
B12: =triangle!$DT$6 -> 44013 | C12: =triangle!$DT$9 -> 76.5 | D12: =triangle!$DT$10 -> 75.62516 | E12: =IF(OR(C12="N/A",D12="N/A",ISBLANK(C12),ISBLANK(D12)),"",D12-C12) -> -0.87484049 | F12: =IF(ISBLANK(E11)," ",E11) -> -0.65160513 | G12: =IF(ISTEXT(E12),"",ABS(E12)) -> 0.87484049 | I12: Which test to use | J12: =IF(L4<0,"Standard","Adjusted") -> Adjusted | K12: Abs av rev = | L12: =AVERAGE(G6:G65) -> 0.24245885
B13: =triangle!$DU$6 -> 44044 | C13: =triangle!$DU$9 -> 75.56054 | D13: =triangle!$DU$10 -> 75.370426 | E13: =IF(OR(C13="N/A",D13="N/A",ISBLANK(C13),ISBLANK(D13)),"",D13-C13) -> -0.19011436 | F13: =IF(ISBLANK(E12)," ",E12) -> -0.87484049 | G13: =IF(ISTEXT(E13),"",ABS(E13)) -> 0.19011436 | I13: Is test significant? | J13: =IF(L4<0,J9,L9) -> Yes | K13: Is test significant? | L13: =IF(L4<0,J9,L9) -> Yes
B14: =triangle!$DV$6 -> 44075 | C14: =triangle!$DV$9 -> 75.3 | D14: =triangle!$DV$10 -> 75.032894 | E14: =IF(OR(C14="N/A",D14="N/A",ISBLANK(C14),ISBLANK(D14)),"",D14-C14) -> -0.26710644 | F14: =IF(ISBLANK(E13)," ",E13) -> -0.19011436 | G14: =IF(ISTEXT(E14),"",ABS(E14)) -> 0.26710644
B15: =triangle!$DW$6 -> 44105 | C15: =triangle!$DW$9 -> 75.2 | D15: =triangle!$DW$10 -> 74.935644 | E15: =IF(OR(C15="N/A",D15="N/A",ISBLANK(C15),ISBLANK(D15)),"",D15-C15) -> -0.26435608 | F15: =IF(ISBLANK(E14)," ",E14) -> -0.26710644 | G15: =IF(ISTEXT(E15),"",ABS(E15)) -> 0.26435608
B16: =triangle!$DX$6 -> 44136 | C16: =triangle!$DX$9 -> 75.2 | D16: =triangle!$DX$10 -> 74.948703 | E16: =IF(OR(C16="N/A",D16="N/A",ISBLANK(C16),ISBLANK(D16)),"",D16-C16) -> -0.25129691 | F16: =IF(ISBLANK(E15)," ",E15) -> -0.26435608 | G16: =IF(ISTEXT(E16),"",ABS(E16)) -> 0.25129691
B17: =triangle!$DY$6 -> 44166 | C17: =triangle!$DY$9 -> 75 | D17: =triangle!$DY$10 -> 74.6539 | E17: =IF(OR(C17="N/A",D17="N/A",ISBLANK(C17),ISBLANK(D17)),"",D17-C17) -> -0.34609983 | F17: =IF(ISBLANK(E16)," ",E16) -> -0.25129691 | G17: =IF(ISTEXT(E17),"",ABS(E17)) -> 0.34609983
B18: =triangle!$DZ$6 -> 44197 | C18: =triangle!$DZ$9 -> 75 | D18: =triangle!$DZ$10 -> 74.61004 | E18: =IF(OR(C18="N/A",D18="N/A",ISBLANK(C18),ISBLANK(D18)),"",D18-C18) -> -0.38996016 | F18: =IF(ISBLANK(E17)," ",E17) -> -0.34609983 | G18: =IF(ISTEXT(E18),"",ABS(E18)) -> 0.38996016
B19: =triangle!$EA$6 -> 44228 | C19: =triangle!$EA$9 -> 75.1 | D19: =triangle!$EA$10 -> 74.720603 | E19: =IF(OR(C19="N/A",D19="N/A",ISBLANK(C19),ISBLANK(D19)),"",D19-C19) -> -0.37939696 | F19: =IF(ISBLANK(E18)," ",E18) -> -0.38996016 | G19: =IF(ISTEXT(E19),"",ABS(E19)) -> 0.37939696
B20: =triangle!$EB$6 -> 44256 | C20: =triangle!$EB$9 -> 75.2 | D20: =triangle!$EB$10 -> 74.724823 | E20: =IF(OR(C20="N/A",D20="N/A",ISBLANK(C20),ISBLANK(D20)),"",D20-C20) -> -0.4751772 | F20: =IF(ISBLANK(E19)," ",E19) -> -0.37939696 | G20: =IF(ISTEXT(E20),"",ABS(E20)) -> 0.4751772
B21: =triangle!$EC$6 -> 44287 | C21: =triangle!$EC$9 -> 75.2 | D21: =triangle!$EC$10 -> 74.692215 | E21: =IF(OR(C21="N/A",D21="N/A",ISBLANK(C21),ISBLANK(D21)),"",D21-C21) -> -0.50778482 | F21: =IF(ISBLANK(E20)," ",E20) -> -0.4751772 | G21: =IF(ISTEXT(E21),"",ABS(E21)) -> 0.50778482
B22: =triangle!$ED$6 -> 44317 | C22: =triangle!$ED$9 -> 74.804889 | D22: =triangle!$ED$10 -> 74.750852 | E22: =IF(OR(C22="N/A",D22="N/A",ISBLANK(C22),ISBLANK(D22)),"",D22-C22) -> -0.054036221 | F22: =IF(ISBLANK(E21)," ",E21) -> -0.50778482 | G22: =IF(ISTEXT(E22),"",ABS(E22)) -> 0.054036221
B23: =triangle!$EE$6 -> 44348 | C23: =triangle!$EE$9 -> 75.072313 | D23: =triangle!$EE$10 -> 75.019872 | E23: =IF(OR(C23="N/A",D23="N/A",ISBLANK(C23),ISBLANK(D23)),"",D23-C23) -> -0.052440104 | F23: =IF(ISBLANK(E22)," ",E22) -> -0.054036221 | G23: =IF(ISTEXT(E23),"",ABS(E23)) -> 0.052440104
B24: =triangle!$EF$6 -> 44378 | C24: =triangle!$EF$9 -> 75.221203 | D24: =triangle!$EF$10 -> 75.142336 | E24: =IF(OR(C24="N/A",D24="N/A",ISBLANK(C24),ISBLANK(D24)),"",D24-C24) -> -0.078866545 | F24: =IF(ISBLANK(E23)," ",E23) -> -0.052440104 | G24: =IF(ISTEXT(E24),"",ABS(E24)) -> 0.078866545
B25: =triangle!$EG$6 -> 44409 | C25: =triangle!$EG$9 -> 75.304371 | D25: =triangle!$EG$10 -> 75.242012 | E25: =IF(OR(C25="N/A",D25="N/A",ISBLANK(C25),ISBLANK(D25)),"",D25-C25) -> -0.062358227 | F25: =IF(ISBLANK(E24)," ",E24) -> -0.078866545 | G25: =IF(ISTEXT(E25),"",ABS(E25)) -> 0.062358227
B26: =triangle!$EH$6 -> 44440 | C26: =triangle!$EH$9 -> 75.426779 | D26: =triangle!$EH$10 -> 75.336738 | E26: =IF(OR(C26="N/A",D26="N/A",ISBLANK(C26),ISBLANK(D26)),"",D26-C26) -> -0.090041077 | F26: =IF(ISBLANK(E25)," ",E25) -> -0.062358227 | G26: =IF(ISTEXT(E26),"",ABS(E26)) -> 0.090041077
B27: =triangle!$EI$6 -> 44470 | C27: =triangle!$EI$9 -> 75.461812 | D27: =triangle!$EI$10 -> 75.385208 | E27: =IF(OR(C27="N/A",D27="N/A",ISBLANK(C27),ISBLANK(D27)),"",D27-C27) -> -0.076603686 | F27: =IF(ISBLANK(E26)," ",E26) -> -0.090041077 | G27: =IF(ISTEXT(E27),"",ABS(E27)) -> 0.076603686
B28: =triangle!$EJ$6 -> 44501 | C28: =triangle!$EJ$9 -> 75.5 | D28: =triangle!$EJ$10 -> 75.417537 | E28: =IF(OR(C28="N/A",D28="N/A",ISBLANK(C28),ISBLANK(D28)),"",D28-C28) -> -0.082463391 | F28: =IF(ISBLANK(E27)," ",E27) -> -0.076603686 | G28: =IF(ISTEXT(E28),"",ABS(E28)) -> 0.082463391
B29: =triangle!$EK$6 -> 44531 | C29: =triangle!$EK$9 -> 75.5 | D29: =triangle!$EK$10 -> 75.469459 | E29: =IF(OR(C29="N/A",D29="N/A",ISBLANK(C29),ISBLANK(D29)),"",D29-C29) -> -0.030541152 | F29: =IF(ISBLANK(E28)," ",E28) -> -0.082463391 | G29: =IF(ISTEXT(E29),"",ABS(E29)) -> 0.030541152
B30: =triangle!$EL$6 -> 44562 | C30: =triangle!$EL$9 -> 75.6 | D30: =triangle!$EL$10 -> 75.431988 | E30: =IF(OR(C30="N/A",D30="N/A",ISBLANK(C30),ISBLANK(D30)),"",D30-C30) -> -0.16801162 | F30: =IF(ISBLANK(E29)," ",E29) -> -0.030541152 | G30: =IF(ISTEXT(E30),"",ABS(E30)) -> 0.16801162
B31: =triangle!$EM$6 -> 44593 | C31: =triangle!$EM$9 -> 75.485512 | D31: =triangle!$EM$10 -> 75.465306 | E31: =IF(OR(C31="N/A",D31="N/A",ISBLANK(C31),ISBLANK(D31)),"",D31-C31) -> -0.020206616 | F31: =IF(ISBLANK(E30)," ",E30) -> -0.16801162 | G31: =IF(ISTEXT(E31),"",ABS(E31)) -> 0.020206616
B32: =triangle!$EN$6 -> 44621 | C32: =triangle!$EN$9 -> 75.658527 | D32: =triangle!$EN$10 -> 75.626684 | E32: =IF(OR(C32="N/A",D32="N/A",ISBLANK(C32),ISBLANK(D32)),"",D32-C32) -> -0.031843688 | F32: =IF(ISBLANK(E31)," ",E31) -> -0.020206616 | G32: =IF(ISTEXT(E32),"",ABS(E32)) -> 0.031843688
B33: =triangle!$EO$6 -> 44652 | C33: =triangle!$EO$9 -> 75.648993 | D33: =triangle!$EO$10 -> 75.648993 | E33: =IF(OR(C33="N/A",D33="N/A",ISBLANK(C33),ISBLANK(D33)),"",D33-C33) -> 0 | F33: =IF(ISBLANK(E32)," ",E32) -> -0.031843688 | G33: =IF(ISTEXT(E33),"",ABS(E33)) -> 0
B34: =triangle!$EP$6 -> 44682 | C34: =triangle!$EP$9 -> 75.866475 | D34: =triangle!$EP$10 -> 75.866475 | E34: =IF(OR(C34="N/A",D34="N/A",ISBLANK(C34),ISBLANK(D34)),"",D34-C34) -> 4.2632564e-14 | F34: =IF(ISBLANK(E33)," ",E33) -> 0 | G34: =IF(ISTEXT(E34),"",ABS(E34)) -> 4.2632564e-14
B35: =triangle!$EQ$6 -> 44713 | C35: =triangle!$EQ$9 -> 75.518216 | D35: =triangle!$EQ$10 -> 75.518216 | E35: =IF(OR(C35="N/A",D35="N/A",ISBLANK(C35),ISBLANK(D35)),"",D35-C35) -> 0 | F35: =IF(ISBLANK(E34)," ",E34) -> 4.2632564e-14 | G35: =IF(ISTEXT(E35),"",ABS(E35)) -> 0
B36: =triangle!$ER$6 -> 44743 | C36: =triangle!$ER$9 -> 75.4242 | D36: =triangle!$ER$10 -> 75.4242 | E36: =IF(OR(C36="N/A",D36="N/A",ISBLANK(C36),ISBLANK(D36)),"",D36-C36) -> 0 | F36: =IF(ISBLANK(E35)," ",E35) -> 0 | G36: =IF(ISTEXT(E36),"",ABS(E36)) -> 0
B37: =triangle!$ES$6 -> 44774 | C37: =triangle!$ES$9 -> 75.5 | D37: =triangle!$ES$10 -> 75.5 | E37: =IF(OR(C37="N/A",D37="N/A",ISBLANK(C37),ISBLANK(D37)),"",D37-C37) -> 0 | F37: =IF(ISBLANK(E36)," ",E36) -> 0 | G37: =IF(ISTEXT(E37),"",ABS(E37)) -> 0
B38: =triangle!$ET$6 -> 44805 | C38: =triangle!$ET$9 -> 75.5 | D38: =triangle!$ET$10 -> 75.5 | E38: =IF(OR(C38="N/A",D38="N/A",ISBLANK(C38),ISBLANK(D38)),"",D38-C38) -> 0 | F38: =IF(ISBLANK(E37)," ",E37) -> 0 | G38: =IF(ISTEXT(E38),"",ABS(E38)) -> 0
B39: =triangle!$EU$6 -> 44835 | C39: =triangle!$EU$9 -> 75.590937 | D39: =triangle!$EU$10 -> 75.590937 | E39: =IF(OR(C39="N/A",D39="N/A",ISBLANK(C39),ISBLANK(D39)),"",D39-C39) -> 0 | F39: =IF(ISBLANK(E38)," ",E38) -> 0 | G39: =IF(ISTEXT(E39),"",ABS(E39)) -> 0
B40: =triangle!$EV$6 -> 44866 | C40: =triangle!$EV$9 -> 75.6 | D40: =triangle!$EV$10 -> 75.6 | E40: =IF(OR(C40="N/A",D40="N/A",ISBLANK(C40),ISBLANK(D40)),"",D40-C40) -> 0 | F40: =IF(ISBLANK(E39)," ",E39) -> 0 | G40: =IF(ISTEXT(E40),"",ABS(E40)) -> 0
B41: =triangle!$EW$6 -> 44896 | C41: =triangle!$EW$9 -> 75.630705 | D41: =triangle!$EW$10 -> 75.18609 | E41: =IF(OR(C41="N/A",D41="N/A",ISBLANK(C41),ISBLANK(D41)),"",D41-C41) -> -0.44461498 | F41: =IF(ISBLANK(E40)," ",E40) -> 0 | G41: =IF(ISTEXT(E41),"",ABS(E41)) -> 0.44461498
B42: =triangle!$EX$6 -> 44927 | C42: =triangle!$EX$9 -> 75.729704 | D42: =triangle!$EX$10 -> 75.243637 | E42: =IF(OR(C42="N/A",D42="N/A",ISBLANK(C42),ISBLANK(D42)),"",D42-C42) -> -0.48606701 | F42: =IF(ISBLANK(E41)," ",E41) -> -0.44461498 | G42: =IF(ISTEXT(E42),"",ABS(E42)) -> 0.48606701
B43: =triangle!$EY$6 -> 44958 | C43: =triangle!$EY$9 -> 75.809139 | D43: =triangle!$EY$10 -> 75.238481 | E43: =IF(OR(C43="N/A",D43="N/A",ISBLANK(C43),ISBLANK(D43)),"",D43-C43) -> -0.57065798 | F43: =IF(ISBLANK(E42)," ",E42) -> -0.48606701 | G43: =IF(ISTEXT(E43),"",ABS(E43)) -> 0.57065798
B44: =triangle!$EZ$6 -> 44986 | C44: =triangle!$EZ$9 -> 75.876896 | D44: =triangle!$EZ$10 -> 75.278703 | E44: =IF(OR(C44="N/A",D44="N/A",ISBLANK(C44),ISBLANK(D44)),"",D44-C44) -> -0.59819297 | F44: =IF(ISBLANK(E43)," ",E43) -> -0.57065798 | G44: =IF(ISTEXT(E44),"",ABS(E44)) -> 0.59819297
B45: =triangle!$FA$6 -> 45017 | C45: =triangle!$FA$9 -> 75.97215 | D45: =triangle!$FA$10 -> 75.43069 | E45: =IF(OR(C45="N/A",D45="N/A",ISBLANK(C45),ISBLANK(D45)),"",D45-C45) -> -0.5414596 | F45: =IF(ISBLANK(E44)," ",E44) -> -0.59819297 | G45: =IF(ISTEXT(E45),"",ABS(E45)) -> 0.5414596
B46: =triangle!$FB$6 -> 45047 | C46: =triangle!$FB$9 -> 75.973187 | D46: =triangle!$FB$10 -> 75.460293 | E46: =IF(OR(C46="N/A",D46="N/A",ISBLANK(C46),ISBLANK(D46)),"",D46-C46) -> -0.51289421 | F46: =IF(ISBLANK(E45)," ",E45) -> -0.5414596 | G46: =IF(ISTEXT(E46),"",ABS(E46)) -> 0.51289421
B47: =triangle!$FC$6 -> 45078 | C47: =triangle!$FC$9 -> 75.729763 | D47: =triangle!$FC$10 -> 75.169188 | E47: =IF(OR(C47="N/A",D47="N/A",ISBLANK(C47),ISBLANK(D47)),"",D47-C47) -> -0.56057505 | F47: =IF(ISBLANK(E46)," ",E46) -> -0.51289421 | G47: =IF(ISTEXT(E47),"",ABS(E47)) -> 0.56057505
B48: =triangle!$FD$6 -> 45108 | C48: =triangle!$FD$9 -> 75.483668 | D48: =triangle!$FD$10 -> 74.911923 | E48: =IF(OR(C48="N/A",D48="N/A",ISBLANK(C48),ISBLANK(D48)),"",D48-C48) -> -0.57174513 | F48: =IF(ISBLANK(E47)," ",E47) -> -0.56057505 | G48: =IF(ISTEXT(E48),"",ABS(E48)) -> 0.57174513
B49: =triangle!$FE$6 -> 45139 | C49: =triangle!$FE$9 -> 75.270661 | D49: =triangle!$FE$10 -> 74.744985 | E49: =IF(OR(C49="N/A",D49="N/A",ISBLANK(C49),ISBLANK(D49)),"",D49-C49) -> -0.52567626 | F49: =IF(ISBLANK(E48)," ",E48) -> -0.57174513 | G49: =IF(ISTEXT(E49),"",ABS(E49)) -> 0.52567626
B50: =triangle!$FF$6 -> 45170 | C50: =triangle!$FF$9 -> 75.443652 | D50: =triangle!$FF$10 -> 74.846469 | E50: =IF(OR(C50="N/A",D50="N/A",ISBLANK(C50),ISBLANK(D50)),"",D50-C50) -> -0.59718332 | F50: =IF(ISBLANK(E49)," ",E49) -> -0.52567626 | G50: =IF(ISTEXT(E50),"",ABS(E50)) -> 0.59718332
B51: =triangle!$FG$6 -> 45200 | C51: =triangle!$FG$9 -> 75.571136 | D51: =triangle!$FG$10 -> 74.869395 | E51: =IF(OR(C51="N/A",D51="N/A",ISBLANK(C51),ISBLANK(D51)),"",D51-C51) -> -0.70174129 | F51: =IF(ISBLANK(E50)," ",E50) -> -0.59718332 | G51: =IF(ISTEXT(E51),"",ABS(E51)) -> 0.70174129
B52: =triangle!$FH$6 -> 45231 | C52: =triangle!$FH$9 -> 75.68751 | D52: =triangle!$FH$10 -> 74.856164 | E52: =IF(OR(C52="N/A",D52="N/A",ISBLANK(C52),ISBLANK(D52)),"",D52-C52) -> -0.83134542 | F52: =IF(ISBLANK(E51)," ",E51) -> -0.70174129 | G52: =IF(ISTEXT(E52),"",ABS(E52)) -> 0.83134542
B53: =triangle!$FI$6 -> 45261 | C53: =triangle!$FI$9 -> 75.008565 | D53: =triangle!$FI$10 -> 74.84999 | E53: =IF(OR(C53="N/A",D53="N/A",ISBLANK(C53),ISBLANK(D53)),"",D53-C53) -> -0.15857502 | F53: =IF(ISBLANK(E52)," ",E52) -> -0.83134542 | G53: =IF(ISTEXT(E53),"",ABS(E53)) -> 0.15857502
B54: =triangle!$FJ$6 -> 45292 | C54: =triangle!$FJ$9 -> 74.998781 | D54: =triangle!$FJ$10 -> 74.659177 | E54: =IF(OR(C54="N/A",D54="N/A",ISBLANK(C54),ISBLANK(D54)),"",D54-C54) -> -0.33960325 | F54: =IF(ISBLANK(E53)," ",E53) -> -0.15857502 | G54: =IF(ISTEXT(E54),"",ABS(E54)) -> 0.33960325
B55: =triangle!$FK$6 -> 45323 | C55: =triangle!$FK$9 -> 74.487887 | D55: =triangle!$FK$10 -> 74.559012 | E55: =IF(OR(C55="N/A",D55="N/A",ISBLANK(C55),ISBLANK(D55)),"",D55-C55) -> 0.07112445 | F55: =IF(ISBLANK(E54)," ",E54) -> -0.33960325 | G55: =IF(ISTEXT(E55),"",ABS(E55)) -> 0.07112445
B56: =triangle!$FL$6 -> 45352 | C56: =triangle!$FL$9 -> 74.451316 | D56: =triangle!$FL$10 -> 74.495675 | E56: =IF(OR(C56="N/A",D56="N/A",ISBLANK(C56),ISBLANK(D56)),"",D56-C56) -> 0.044359808 | F56: =IF(ISBLANK(E55)," ",E55) -> 0.07112445 | G56: =IF(ISTEXT(E56),"",ABS(E56)) -> 0.044359808
B57: =triangle!$FM$6 -> 45383 | C57: =triangle!$FM$9 -> 74.298008 | D57: =triangle!$FM$10 -> 74.396209 | E57: =IF(OR(C57="N/A",D57="N/A",ISBLANK(C57),ISBLANK(D57)),"",D57-C57) -> 0.098200452 | F57: =IF(ISBLANK(E56)," ",E56) -> 0.044359808 | G57: =IF(ISTEXT(E57),"",ABS(E57)) -> 0.098200452
B58: =triangle!$FN$6 -> 45413 | C58: =triangle!$FN$9 -> 74.361419 | D58: =triangle!$FN$10 -> 74.407764 | E58: =IF(OR(C58="N/A",D58="N/A",ISBLANK(C58),ISBLANK(D58)),"",D58-C58) -> 0.046345574 | F58: =IF(ISBLANK(E57)," ",E57) -> 0.098200452 | G58: =IF(ISTEXT(E58),"",ABS(E58)) -> 0.046345574
B59: =triangle!$FO$6 -> 45444 | C59: =triangle!$FO$9 -> 74.517672 | D59: =triangle!$FO$10 -> 74.574397 | E59: =IF(OR(C59="N/A",D59="N/A",ISBLANK(C59),ISBLANK(D59)),"",D59-C59) -> 0.056725118 | F59: =IF(ISBLANK(E58)," ",E58) -> 0.046345574 | G59: =IF(ISTEXT(E59),"",ABS(E59)) -> 0.056725118
B60: =triangle!$FP$6 -> 45474 | C60: =triangle!$FP$9 -> 74.785861 | D60: =triangle!$FP$10 -> 74.722903 | E60: =IF(OR(C60="N/A",D60="N/A",ISBLANK(C60),ISBLANK(D60)),"",D60-C60) -> -0.062958654 | F60: =IF(ISBLANK(E59)," ",E59) -> 0.056725118 | G60: =IF(ISTEXT(E60),"",ABS(E60)) -> 0.062958654
B61: =triangle!$FQ$6 -> 45505 | C61: =triangle!$FQ$9 -> 75.005738 | D61: =triangle!$FQ$10 -> 74.985704 | E61: =IF(OR(C61="N/A",D61="N/A",ISBLANK(C61),ISBLANK(D61)),"",D61-C61) -> -0.02003435 | F61: =IF(ISBLANK(E60)," ",E60) -> -0.062958654 | G61: =IF(ISTEXT(E61),"",ABS(E61)) -> 0.02003435
B62: =triangle!$FR$6 -> 45536 | C62: =triangle!$FR$9 -> 74.811055 | D62: =triangle!$FR$10 -> 74.937976 | E62: =IF(OR(C62="N/A",D62="N/A",ISBLANK(C62),ISBLANK(D62)),"",D62-C62) -> 0.12692099 | F62: =IF(ISBLANK(E61)," ",E61) -> -0.02003435 | G62: =IF(ISTEXT(E62),"",ABS(E62)) -> 0.12692099
B63: =triangle!$FS$6 -> 45566 | C63: =triangle!$FS$9 -> 74.889153 | D63: =triangle!$FS$10 -> 74.902473 | E63: =IF(OR(C63="N/A",D63="N/A",ISBLANK(C63),ISBLANK(D63)),"",D63-C63) -> 0.013319908 | F63: =IF(ISBLANK(E62)," ",E62) -> 0.12692099 | G63: =IF(ISTEXT(E63),"",ABS(E63)) -> 0.013319908
B64: =triangle!$FT$6 -> 45597 | C64: =triangle!$FT$9 -> 74.841084 | D64: =triangle!$FT$10 -> 74.850935 | E64: =IF(OR(C64="N/A",D64="N/A",ISBLANK(C64),ISBLANK(D64)),"",D64-C64) -> 0.0098507264 | F64: =IF(ISBLANK(E63)," ",E63) -> 0.013319908 | G64: =IF(ISTEXT(E64),"",ABS(E64)) -> 0.0098507264
B65: =triangle!$FU$6 -> 45627 | C65: =triangle!$FU$9 -> 74.938223 | D65: =triangle!$FU$10 -> 74.956007 | E65: =IF(OR(C65="N/A",D65="N/A",ISBLANK(C65),ISBLANK(D65)),"",D65-C65) -> 0.017783982 | F65: =IF(ISBLANK(E64)," ",E64) -> 0.0098507264 | G65: =IF(ISTEXT(E65),"",ABS(E65)) -> 0.017783982

Sheet Chart Titles
A2: Data on these sheets required for macro's. Do not move
A4: ="Chart to Compare M2 Estimate with M3 Estimate " &#REF! -> #REF!
A5: ="Chart to Compare M2 Estimate with M3 Estimate "&#REF! -> #REF!
A6: ="Chart to Compare 1st Estimate with 12 Months Later " &#REF! -> #REF!
A13: 1955q1
A14: 1955q2
A15: 1955q3
A16: 1955q4
A17: 1956q1
A18: 1956q2
A19: 1956q3
A20: 1956q4
A21: 1957q1
A22: 1957q2
A23: 1957q3
A24: 1957q4
... A236: 2010q4
